17,22,24,32,43,55,56,57,65,78,79,104,106,110,114,119,122,123,130,131,139,141,144,150,160,163,167,181,196,204,206,219,220,224,226,242,250,251,257,283,312,322,329,331,334,342,344,350,366,371,380,383,384,386,398,416,419,435,444,453,455,462
1.9813446469711948,1.1507118067868856,4.390491774788521,1.3330284794500713,4.834216009516661,1.431487189033495,1.7862720476346947,1.8676769185553685,1.3464950236032616,1.776694593700055,1.6819221986046435,1.5565825933090904,1.1520029306574258,2.4164607970880088,1.4290637986281074,0.9938974029791501,1.3790167273590868,1.7659056034075027,2.4408447673897653,1.4740141620896452,1.182163973374466,1.7101519885793266,1.4401870813505182,0.6452633545229722,1.7214340141145192,1.6617056259709864,0.9138635757203817,11.110920782811142,1.3093886695415833,0.7190723030942696,1.4494280168986722,2.6256700395210597,4.465859917603598,1.386460073507012,1.2032081178508915,1.4249634644113907,1.2676208933561441,1.2052219332847556,2.1985952097590444,1.8129701207462725,1.7343357401215833,1.5000303323202884,1.636308302625302,1.7258178474842742,2.0000252926523556,1.1414810810271554,3.188203827408933,4.827557076137095,1.5973785480611193,1.7119636984137747,1.4759782573613214,1.955581294421012,1.4999776361867156,1.6847541138956217,1.5337546056513203,1.2985107404661735,1.7303745563736495,1.552847271417726,1.043612648626273,1.6205280153124413,3.1619817087920685,-1.9438110862494022
2.5074571832798767,2.898156198809237,11.719454464081334,3.615841838350091,11.073862800925902,2.6117608384269735,2.9418064226324767,3.5376777238236574,3.5478347691292162,2.9756442330634063,2.445101654294649,2.309180173771974,3.2385751540758365,3.858161675217514,3.4084907061685845,3.6633090293345347,2.86667822158463,2.5450152480693222,2.121377523401701,3.4579317361290047,2.5883925881156853,2.8090521133059863,3.2045877060702437,3.2707660127022637,3.3319169339028845,2.4527728836828118,2.880827707843114,-5.6152782552148786,3.2449572749035243,3.9050313603089832,2.978884652377246,3.20885487525877,5.4696640175124704,3.58451469272653,2.8736101257279723,3.068725480734141,3.625897753630772,3.0853475352427324,3.467298787727194,2.3226478595967133,3.4153263080512066,3.8094862517135626,2.669807868504669,4.495862105243438,4.247594915347083,2.7605535709055107,3.9529674609742385,1.999997760461722,3.5225547910404034,3.04742818441716,2.8751699794780476,3.0825824327204447,2.276233821601256,3.765543136235648,2.573041580745304,1.9995260048055854,3.250906666141558,4.075858123746552,3.8110598254805916,3.3738898609357886,2.302978674809785,-2.05112434981311
13,22,24,32,55,56,57,65,78,79,84,104,106,107,110,113,114,119,122,123,131,132,139,141,144,150,160,163,167,196,206,219,220,224,226,242,250,251,257,283,312,322,334,342,350,366,371,373,380,383,386,398,419,435,440,444,453,455
0.9087823849005348,1.4480215635703262,2.764291955388506,1.6248455658061576,1.3641408452412427,2.022892048675244,1.8445219299040776,1.7739591679163955,1.3907394647568112,1.4315357135136049,1.6531150080351298,1.9999966464732477,1.454492662406016,10.383291033447545,1.7060370883163987,-1.3154018542280421,1.4306064986606617,0.7360213862136749,2.062808582200481,1.4305208299528571,1.3905597005503918,2.31084498109003,0.6782614798724178,1.2041333296279073,1.5182756449523889,1.5328908141604982,1.605435512744624,1.3781371797207382,1.1943784976098963,1.9682613651881287,1.305380516100135,1.7206349085284356,2.00002994281745,1.5089864164199402,1.2175385342409246,1.6047841782306134,1.8172941735446755,1.4871766025449218,1.6379548135362958,1.4150861236424097,1.1218672908081833,1.7156833505125029,1.6718553298620376,1.744905537660468,1.8314741681892674,1.9954442782121244,1.9739291265469774,1.5000015351393525,1.47077528885278,1.3714544582923387,1.360897010225666,1.3644449097685551,1.4214336724795373,1.7721594182135858,2.3844846966473563,3.031060951270716,1.4272122356233718,2.167038646410394
3.1439241932584476,3.029665890277065,2.6299805775354743,3.1601192549502533,2.749869732456662,2.765114623387464,3.4681676274947306,3.3707603249719273,2.712033741038918,3.110307591228173,3.7949675718610076,2.4966076227702674,3.228359684808512,9.887269117959463,3.761521096928219,3.1946772994800954,2.8689643170798043,3.332813562305126,2.3243072441879282,3.0950502542836693,2.370103674553224,3.7626938867875066,1.74767587863132,2.8134209934325387,2.698620920926875,2.5131883254526644,2.676197201906677,2.3476947973409583,3.6566205768829865,3.2967227995944492,3.09381717591265,3.073792753288192,3.5764652629252787,3.412340388930408,2.9553647341940144,2.2194489575947505,3.4089069027087695,2.1059587599081206,3.1044475023639464,2.5586259001729053,2.4274016328260686,3.1767997066365425,3.4770073038120355,3.5939266300839474,3.2151853608034897,2.9360154981790165,3.287890756514532,3.357992263884197,3.1785683932649067,3.6917162335330262,3.3726839263095747,1.603794465836447,3.0756911097303363,2.1000699370591325,4.220734707323694,2.4999718652838516,2.8969296377932374,-0.43478125276557744
13,22,24,32,55,56,57,65,78,79,84,106,107,110,113,114,119,122,123,131,132,141,144,150,160,163,167,181,196,206,219,220,224,226,250,251,257,282,283,312,331,334,342,350,366,371,373,380,383,384,386,402,416,419,440,447,452,453
1.1197881752316328,1.3197975020767214,1.6071576173937354,1.8565378519416096,1.4213825217008291,1.509343376375909,2.2734985182645597,1.6560132445241407,0.9158043088536918,1.5325461501926534,1.2339328999206294,1.2174485340994101,1.6154717451116671,1.7366546720871168,2.5314955440355122,1.5187531922322315,1.0587052699029118,1.9361297206675456,5.42162091162538,1.5770658167834704,1.3389245599024817,1.3843922308732521,1.4679498213742128,1.8109520707339337,1.4622532874658738,1.4223462784748166,0.9112314946580287,0.5325027560606151,1.6085252261643923,1.245614793635413,2.7448040530412756,1.7727661483745694,1.3223736958482282,1.2905539358169813,1.4148068073184668,1.2108053108142234,1.4652033833842975,1.563052817886187,2.938183032405536,1.6840833173841472,3.6249530812541444,1.0588593799201615,1.361073329604701,1.6796926081612753,1.5055080823113738,1.1849696310831743,7.977387227115283,1.1474921941799479,1.7137723024791183,0.905144777634704,1.3545234226877196,2.6318181367002573,1.9999870662855073,1.1440663518506624,1.6939601018043362,1.5376695865430325,2.0903137643162073,1.6915020193755232
3.3145514294630063,2.758746053295893,3.471352764705668,3.0638061455229666,3.232150629178923,2.7191879916902986,3.2205663632346466,2.739878021825001,3.5630073112469787,2.9487885433580514,3.0148590609252066,3.0582941086570328,2.529948054054893,2.747992144830302,2.98457191769461,3.508920442175003,2.949350957699998,3.9501379047571783,0.531474586234221,2.3980555880244236,3.0429161647305722,2.5228311994021606,2.981609973462895,3.817814715689179,3.0047129386450218,2.964044710446962,3.7153486024799545,3.2174399432285377,2.717414609576613,2.4940366462183468,3.4584235031062853,3.416840155851328,3.0144205484056195,3.6767256695160824,2.288231150690199,2.2993098093033626,3.714494614754231,-0.6612912968776901,2.118053902646869,2.7211726314681512,-0.17982738632752124,3.479408840736324,3.342079205603164,3.3178952579019567,3.147431077817553,2.881007996846895,1.5000243330841228,3.1373993938397557,3.7333589224620214,4.92653768804086,3.574926441742688,1.9975340925712297,4.001266316580761,3.4689588076348374,2.3110384316097106,3.341342061808566,1.4702206784816574,3.149029328996087
13,22,24,32,43,45,55,57,65,78,79,84,106,107,110,113,114,119,131,132,141,144,150,160,163,167,181,196,206,207,224,226,250,251,257,312,322,329,334,342,350,366,369,371,373,380,383,384,386,416,419,435,440,444,447,450,452,453
2.0000117605670824,1.9597111797922073,1.2422442609142603,1.742222738302433,2.7820128845254652,8.977481120347889,1.442369041109574,2.9030567694132676,1.49268680545902,2.0001058719632754,2.246837191466705,1.6313621088009786,1.217211988146706,1.679299049888147,1.8309352110181791,2.265239733712785,1.3853720889381995,1.0219374366873788,1.6442064431505314,2.4815106453430014,2.084457449682777,1.4521346921146494,1.8070627439441287,1.6051874326922047,2.145173130014632,1.2832931689944997,1.2864072989336033,1.3156791556269205,1.3555760284483842,2.096827706711803,1.939630708281669,1.1871245481425854,1.4118281352868998,1.7224678086499492,1.7546987073515938,1.7857884279869833,-0.07596907524639454,1.9999757560649156,1.699975389614837,1.234573438122788,0.7590618957586737,1.4904394754233183,12.693919130650968,1.574967583034752,1.605613504620945,1.418443451584313,1.3136355453359756,4.300956626611487,1.5277346452341556,1.4138701367018038,1.5361630250078748,0.9709948411354383,1.4534097794508276,8.478448641556678,1.461387784782225,8.753422893183266,1.5440970090282597,1.4724097153458
2.701312921418276,3.4213541478077607,3.467421971694836,2.962202254632819,4.239670879975368,10.851814756900204,3.1881282287215296,4.280528218285108,2.384486119371024,0.6891480586705092,3.0911348575279396,2.0394035782441,3.5530965705042967,4.281412792357018,2.471937306713132,3.50374897004318,2.1860082313543256,3.2531951121257143,2.542084120201178,4.319762835896838,2.1858937212168046,2.802728868146712,2.2735217714005795,2.9458588871268137,2.2734617151547196,3.786086828790651,4.155980106367551,3.496826610982316,3.1454556491394556,0.263345040600544,2.610158929607394,3.5706419946045846,3.196956996196188,1.3588991358563831,3.195038427855381,1.6369932647552214,7.769320822282268,3.3853922172411597,2.0471377921127756,1.230475431738526,3.609504649597064,3.3706907687315937,-3.1490508383261337,3.0453795932354053,3.3532290114415786,3.4368913232300256,3.5450860912415183,-3.0432217817719263,2.499640385517705,8.946118041599657,3.7274726243675858,2.7100688275817912,3.820315558653168,10.39902350110267,2.7647603865055475,10.527601551996746,3.5871620747237065,2.476992473178636
0,13,22,24,31,32,43,45,55,57,65,79,106,107,110,113,114,119,130,131,132,139,143,144,150,160,167,181,196,204,206,207,220,224,226,250,257,263,269,271,282,297,322,329,331,342,350,366,371,373,380,383,384,386,419,435,440,441,444,447,450,453
8.313122626236398,1.500011339104534,2.4561130699129716,1.4730666867874467,1.6987208497652764,1.7096339584429379,1.4117033671151182,0.6304558798412816,1.4934224696261085,2.469005659760111,1.7731094574548862,1.838550540866418,1.4260339524283285,0.9999806908219271,1.4871043975427143,1.7043673172111053,2.0853185871243496,1.1952078746039339,0.4587055515423396,1.8428822411721746,1.5779638367511362,1.5419624899635966,6.3371956484332275,1.9349586934717211,11.120232594227495,1.4931252770865304,1.3852395493164593,1.3113102074859535,1.4014611720363213,1.5699926192690241,0.45844926476406195,3.625893604474774,2.000029790706151,3.118533794228714,1.617498559057431,1.2244130134311886,1.9438456586935506,12.028947406789335,1.088962494759313,0.9999696476724104,2.0638753109080445,9.87314739109851,1.2542112920152062,3.866202229373179,0.6203716867897426,1.5214075279527761,2.128838922352739,1.4773652315504198,1.9922955978340742,1.7658843815858878,1.6763378079384808,1.454484390761205,1.5515247207200011,1.6421251657510065,1.7712445440427658,1.6799308582759624,1.2479051937485668,11.778351487542354,2.973112254100977,1.1341957072504125,1.5643042245441379,1.9892466983219328
4.000032842216907,4.923743858645133,2.455139569119222,2.4615517870916577,1.7999140774164881,3.409848980173379,3.092972648940566,0.3781795515442865,2.7568305233744423,3.287849983726793,2.554743937319884,3.3936914119781045,3.747354379948921,2.7696081402758095,2.720083992451583,0.9308815680655661,2.4429649195595955,3.150543015207065,0.8343172723498465,3.208253532373506,2.822591527930764,6.639802678382809,0.7459330723812216,2.310714385637727,9.023526876554454,3.002821433696923,2.1901730206077343,2.4737025364067433,1.7375006225467664,4.024858622182981,3.9412286608168934,2.3240159284578077,3.0638035504613486,2.0624639287690734,2.3656210652967076,2.9128375222509764,2.3639224578502125,-1.7545632242429239,4.026822534536823,3.9348670795564766,2.3921418992318144,-0.5375910773424819,3.0277891244623105,1.7018176710273212,2.84745547734399,3.1421201195621458,2.9111720576951927,3.693089735533421,3.32232658435169,1.6346759889317233,2.7794739954966934,3.351092074574418,2.9829536898928732,2.3764440557695172,3.4402756863414146,2.871438262809148,3.624201807480892,0.602319803706786,4.4481278575511976,2.3716600465128144,3.564106178927714,2.648898330323515
0,22,24,32,43,53,55,57,63,65,79,84,106,107,113,114,119,131,132,141,143,144,154,160,167,181,196,204,220,226,250,257,263,269,271,282,297,322,329,331,350,366,371,373,380,383,386,389,395,402,419,435,440,441,444,447,450,452,453
1.6066843600538685,1.4450361279384085,2.192724527816895,1.690950070721271,1.3226275255136226,2.000005835211919,1.6831845795713098,1.436616565264877,0.027166330295125697,1.6314321598737511,3.0992953611145704,0.9999734557519361,1.1962054560634994,1.0028820117533002,1.5216277000939231,1.7714784099747032,0.8286272617934434,1.6735432650124296,2.5956732700368588,8.871759721093763,1.8469695483958075,1.7988990003180243,1.8945203467453755,1.5203929889253363,1.895196826090415,1.500872973224064,1.6691556888266121,1.635170945697928,1.4341101082830274,1.4529799837413533,2.021089126548393,1.4596408936266112,1.441164173575486,1.1083634918752479,1.4573562762643486,1.3981684733807471,1.3877610765064068,1.7509844445563698,1.4200959151837957,8.924395366203226,1.2669211145451549,1.810434034300611,1.2946982185311025,1.9305042491228672,1.5232912936838956,1.4837712254000257,1.6188525142915005,2.1923565160194904,8.916830085247017,6.125570912057405,1.5240487777830016,1.0068106389115727,1.5539613445225395,1.9999668404855901,1.2161787044765227,1.6048972364813898,1.6495494932818615,2.3740404638246027,1.3891288604608587
3.374526428387377,3.318598115357917,2.5193598531197203,2.3009205420017764,3.5636421405479837,3.815631133261224,3.081080725819736,4.017930643310629,5.290014054793028,2.7698906871091546,3.499970747224802,2.942818718574152,2.1779276696722367,2.8481514468153684,1.4055677913632274,2.1884688368127705,2.6964571545758966,2.291749011338436,3.1503297307487728,-5.851926363795488,3.1506727406184662,3.8069453482897275,3.947347162835847,2.529684754010616,2.7475511738224223,2.5691804212459584,2.461729609977799,2.6477438903612756,4.055399404670336,2.7201456037977456,2.5329142885660643,3.327405634048919,4.47803704706864,2.3679894389131997,2.826145364895049,3.9019300769601215,2.9122434801536015,3.9303409368522084,2.968600651939024,9.924426280057961,3.0874069779378264,2.2350224145346504,2.947649706465402,3.364875120842645,3.0932859530473023,2.454443025859055,2.7947255456870916,3.577051795819057,10.328427598015237,-2.2430792152609302,2.616555636096252,3.0025873137795664,2.6856443515264177,2.6549872294571935,4.032664498434297,3.20817126552127,2.518286038865556,3.6704153418186984,2.41993152413332
0,19,22,32,43,53,57,63,65,79,106,107,110,113,114,119,131,132,139,144,153,154,158,160,163,167,196,207,220,226,235,245,257,263,271,273,278,282,285,297,302,303,305,322,329,331,345,349,350,366,370,371,373,380,383,384,386,389,394,395,402,419,435,440,441,444,452,453
1.3627779209231,12.198085090131563,1.4963817238776644,1.454882804471407,1.643667840965834,2.000022368957569,1.593034477877048,1.7030042405080132,1.6761243343316228,1.3746383561922728,1.530366278340149,1.4845460424225998,1.5341937341206928,2.4570431957713375,1.6872498005823373,1.3315660891907455,1.5285301340738573,1.5021895336332465,1.4548179269184423,1.510455658918397,0.9999964046440886,2.6549133641503824,1.449986157037363,1.8836436150522795,3.0928439028481147,2.1769560969216477,1.740979441997185,2.05086014201423,1.0688443538899806,1.2227258531932939,0.371328482498005,1.4666325450654574,1.4097432483428922,1.6298278093406329,1.5846017125156808,0.9999792624397531,1.7684905176408607,1.9999773927888964,1.504490103757203,1.2569477301346654,1.7258178474842742,1.4988755121324764,1.65668897594907,1.8100931782897431,1.8085476225906405,3.2766788881275457,-0.6157500868010779,0.816928208967554,1.0622811598212059,1.6279944739101575,1.0000062963561291,1.453894760695968,1.341515286577279,1.7321406073452348,1.430557912854193,1.985190760708229,1.7841330424989938,2.492757574500052,5.921811980231951,1.7150307676354055,1.8209723381392937,1.747796751687717,0.8594136691362274,1.6253737079515056,1.1313511032559402,1.3277299513558671,2.210664361229487,1.5734913851260524
3.4521873199696174,7.622554078710101,2.8831540661842823,3.386999787253729,3.1970357943347434,4.027851351694904,3.2122543822452325,1.7559606428269532,3.241495445432234,1.2060885118912839,2.9062125276193287,2.8044329417545315,1.593616008169409,3.1060322800962603,3.198155790855824,3.2071005610894314,3.3204234572748077,3.235856866670133,4.011007009612088,2.361226015694926,2.4049347488036226,-0.6413421471308701,4.406815661391651,3.6591625736049793,-0.7320794023060346,4.265122615044506,3.04088119684595,4.835752927122622,2.8233541055403144,2.674778365950777,10.497130360131777,6.603182004943628,3.047932421840148,2.746682384317042,3.522885736280639,3.3875676384764257,2.8637440320070233,2.27299049955927,2.602505965103936,3.119298763947869,4.495862105243438,4.102601882627363,5.077370693929203,3.220493494963046,3.160688797202125,4.293011082484728,3.884294806003389,5.173799465286173,2.5145927375234245,2.409126929866604,3.102010328170426,2.941701727808714,3.329511898772194,2.517022783243614,2.6837616799783923,3.8097029941776603,3.58186335682947,4.116193337794929,8.349285903996257,1.1636683489532533,2.7389054310888916,2.8138730930031004,2.599527248279094,1.9216390139607364,4.082605495326313,2.9988740159398484,2.3012562110366215,2.894429794775862
0,22,32,43,53,55,57,65,79,106,107,118,119,126,131,132,133,139,158,160,165,181,196,207,220,226,245,255,257,258,263,271,273,278,290,294,297,302,303,308,322,329,349,350,366,369,370,371,373,375,380,383,386,389,394,402,405,414,415,416,419,435,436,440,441,444,456
1.474815200122698,1.7003007472364804,1.4540822425165458,1.4276542725782377,2.0000222262235914,1.958346182095049,1.4649907391479826,1.439415143809101,2.1997495229721493,1.447162968381921,1.5210364566947696,1.848170713275611,1.3918970203664671,2.1413790656721865,1.797220800866348,1.4934924789788835,1.5270311407777006,1.3057409454586646,1.404138988755374,1.4511638141102088,1.520880872414676,1.449986157037363,0.06474182848644443,8.871759721093763,1.2459060314309336,1.6469768461498244,1.36989847928096,1.500001079658991,1.2647050037366143,1.999964575302943,1.3261882798169213,1.355323131336374,1.4204645238739901,1.451222598832893,1.4319087164658546,1.2649550369259512,1.3415686347470925,1.1362775943847812,1.5451386815488228,1.3841053178175882,1.8278647948669011,1.884828347753264,1.2644835605113933,1.1671064034499503,1.3534084236749797,1.986000773705588,1.0000001879328595,1.1135890781053148,1.5419504895566276,1.5499849290045224,1.360392816703123,1.0555545862536455,7.769320822282268,1.676273410169419,1.4171060644627316,0.844436666902906,1.5668795313938138,1.6470169720247791,0.6304558798412816,1.749555861395939,1.3438714587160616,1.463512397865642,1.6004944438585564,1.7856729490907002,1.4622802023655375,1.5325400997880867,1.7672788991391613
2.4695028170399684,3.5146997993041094,3.030122119910094,2.5010373066254226,2.4747126333866643,4.234815873231378,3.3283513617011495,3.0724683656630245,3.1280675442850745,2.633279441231686,3.7566936914540805,3.5256175901172053,3.1451131650510873,3.567223301066381,3.100917438408265,3.131316224822833,2.775710767517653,3.7063363639374822,2.143760277122614,2.6560958339402525,2.0076651541499784,4.406815661391651,1.9559468670650257,-5.851926363795488,3.728824508169687,3.049205273835863,2.5192840031847568,2.190498482012747,3.426767516220024,2.4880156626015086,1.9907575288539583,3.5261137475856588,2.8421827057499307,3.62576625608055,2.530472506841318,3.062505947801677,3.2669320308430025,1.8939747441948875,1.95256940407663,2.3877363243544796,3.224809880652006,3.033281845987239,4.94973333090516,3.187530375960045,2.793851912091952,3.5254122026961032,2.7388943833345953,3.027419987128181,3.583327264882488,2.212447610688652,2.6826931385939297,3.266874340326571,-0.07596907524639454,4.132475046213592,4.182283099329824,3.9878884853904206,3.07471969311598,1.188540340595865,0.3781795515442865,3.32087419902097,2.9790892862927354,3.3394294752358564,3.4068112812328772,2.6326307349505003,3.3301203519166935,3.164023806462981,2.247912522852644
0,22,32,41,43,50,53,55,57,65,72,79,98,106,107,113,119,126,131,132,139,157,160,181,190,197,207,220,226,235,255,257,271,276,278,290,297,305,314,322,329,345,349,350,366,369,370,371,373,374,380,383,384,386,389,394,395,402,419,435,436,441,444,453
1.5301463428918622,1.7931110750845898,1.550128091249437,1.5685412117674389,1.976043182719184,1.9542672702965898,1.5672733361657156,3.3661972512150515,1.5399159011555783,1.674307438311698,0.9283982643859892,1.5678586218175354,1.5861638394808373,1.7659595102362138,1.617456433718023,1.1767191809815416,1.1251801689520946,3.2990533023053654,1.1634888515301158,1.1048650386676915,1.265449686854223,0.22761251730634205,1.6805461706610332,1.9999867254905208,1.5549369997789113,8.92109967660406,2.913749523567347,2.5932128280248214,1.3771253913701753,1.4145806848968432,5.774804615848294,1.6501513463282798,1.385466933130936,0.3860714843628108,-0.32844136025412535,1.4951770250150367,1.463976753557894,2.000012302802572,1.7013412502813126,1.5552164221128069,1.9014243201979824,1.4038331188452369,1.5032617684348515,1.2845368920594016,1.8659647002939754,1.6775636372431717,1.0000046465408743,1.6397538432703702,1.8599286703034759,2.462449507010657,5.732866855579449,2.929895068749305,1.5014200613175166,2.31088898660465,1.3010979578240816,1.5115602280957865,0.9999692206309241,1.3581843656583756,1.500851816197734,1.5770431332162291,1.7004573446993039,1.2304006357725787,1.690459690645719,-0.7248333731905953
2.0862564776568155,3.1264741484147702,3.463651456637615,3.167138242275379,2.5159045307343004,2.0793676345219527,3.2104906178744343,4.356582893637938,3.4641749708283163,3.0476485202409416,10.459959768232256,1.8423295828507558,3.946355858232983,2.7875997944593864,4.025108338564067,3.8790592626915945,3.301195860640602,1.373588169110099,2.13419517345457,3.435550741015139,3.286509936553966,5.059933610189752,2.9903133924995435,2.7183858613209777,3.3405204154348445,10.770747659667201,-1.9624987041541626,3.3857555370776753,3.35686486691001,3.4426225003846422,11.343667991965184,3.7364055482791176,3.4656992168390244,4.901631002886779,3.152437678752389,2.2865246281188614,3.6170505538589106,2.859211330713252,3.1550807744103526,3.148291793001632,3.3065161827906167,3.228561648179147,2.9965908111810085,3.017401933420541,3.451003715493673,3.728744276724754,3.3976293958968387,3.4629629654985123,3.1104112464190576,3.9821697498871367,4.383575423959603,3.653834015118419,3.906609137783878,-1.682585391891268,2.6006047518191364,2.7345847039937534,2.9970054594078306,3.8009215412246347,3.069281111248567,2.8411426355962224,3.554731846086712,3.0882075500655333,3.307185329235753,5.426610541092261
0,22,32,35,41,43,47,51,53,55,57,65,72,79,98,106,107,113,118,119,126,131,132,139,147,157,160,181,188,190,197,207,220,226,235,257,271,276,278,285,297,305,314,322,329,349,350,359,369,371,373,374,383,389,394,402,419,435,436,441,444,452
-1.9438110862494022,1.6841810622454036,1.3219655464021212,-0.09926610832564847,1.3345781380053117,8.753422893183266,1.405873429138493,0.7596920064300072,1.1831085796791077,1.2877554236009925,1.447645914388343,1.346800901101252,1.4093270281233814,1.585775124674803,0.6891122020147042,3.2848548293112025,1.1713607793337275,4.114992614291854,1.4475985871289867,1.2029605738110418,1.3823354418147726,3.6866033284173985,1.4292002409503666,1.6912664248793243,1.3639294022122797,1.4532174974419447,1.4726561536335496,0.9999614319736967,1.0162467967621511,1.728076891964383,4.390491774788521,1.4861900316575878,1.6736809589821235,1.4091134298068135,1.2547735899338035,1.6239017916853302,1.6131926721974674,0.9911278716184397,1.372621641985587,0.743454030414687,1.4316786369883863,1.6810550450529156,7.990210379813003,1.5726238951593023,1.5331997264712918,1.5336717414039596,1.556433580218357,2.8920852550743286,1.3533968861255148,1.6758317608398237,1.5759352624289436,2.446153940822396,0.41067322988135174,1.0116838151733247,1.3897267433469422,1.471052471543856,1.4974957466479033,1.2068406542934533,1.2679430615965266,1.41382731805629,1.5480393614621928,0.1917014458774722
-2.05112434981311,3.1081116784215923,3.488330665779415,3.499977905063062,3.75357380172456,10.527601551996746,2.1771536443637824,3.4744607790456294,3.4434818752888012,2.761816926725081,3.7927063833314216,2.492289408119544,4.102586808185084,2.8294201400559413,4.054134748039916,3.255629458062711,3.923650460035618,4.703079898306907,3.9867490695417263,2.9884739842585812,3.1193680249301807,3.586686472769775,2.244403255626335,3.394148971788979,3.523173149515552,2.799148938974261,3.393361402371842,3.156682093948386,3.317421702870578,3.1287214566444774,11.719454464081334,2.9832190867370336,3.4793644821613636,2.450462482270364,3.748069403671967,2.176684697412715,3.28623606271765,3.131034954270558,1.80024844883011,4.112117588469207,2.427378739912314,2.4013088676812875,5.581010157302257,3.2460952254150803,2.8377125992033143,1.6535737649322808,3.2323872540607828,4.047240413315004,3.2064366834234956,3.341306080764615,2.5198383368414032,3.726719388919826,-1.6060557869567895,3.19321593487284,3.4743638428184385,2.11465343767102,3.027376039934219,3.648489825767327,3.473448572493873,2.8333427177803996,3.3031917335724943,6.064187362047381
4,22,32,35,41,43,47,51,53,55,57,65,72,79,98,99,106,107,113,118,119,126,132,139,140,146,147,157,160,177,181,190,196,197,207,220,226,235,255,257,271,276,285,290,295,297,305,314,322,329,331,350,359,365,369,371,373,374,384,389,394,416,419,435,436,441,444,452
2.8816246166233093,1.2646260392800088,1.4223270405859063,1.9999739999475843,1.2522677207672974,0.5166485120228617,1.000024410535633,1.3439260113410922,1.1252894994844438,1.398022718135005,1.2975703890636185,1.360057488390591,1.5514674184079995,1.8828198643798437,7.924677537602875,1.1260371853097508,2.1413790656721865,1.3867699599783412,1.684740646172991,1.5708255708251382,1.4030489430307453,1.2790879945517855,1.4241715521356486,1.1818436563986547,1.1885288545392594,2.109665597690629,1.4202898529657426,1.3024262159144797,1.1753444456028093,0.9999557831027095,1.7986470425920646,1.0934193329799393,1.2197798086755984,12.385562915348743,1.9999776160640068,1.3519357980298383,2.050399364217924,1.295344408914711,0.999917909877424,1.742808799183944,1.5633426332191056,1.2373553252783638,1.2621718512189386,1.6882354432096676,1.0841480596526045,1.999978293378453,1.999954318683356,1.7421990513981078,1.2514467327424792,1.0681145795986602,1.4184249638247688,1.4511826943536925,1.3866161244492536,1.8331718693092105,1.696367849400474,1.4354345391666214,1.284832498067395,0.7873781473361842,1.307098919553471,1.1321404515585258,1.4840069422286328,-1.806853425597415,1.6035469087315735,1.298281135040825,1.4472906859099957,1.2610814051383987,1.3986692960906884,0.9059292336547184
2.965024888639098,3.030426528105992,2.9518507543007266,3.457954455714802,2.909615534066069,2.7970956719088087,3.4912315317145017,3.7010880927987473,2.370822810041079,3.07515842872218,3.009964033338762,2.450473549631038,3.7894733343894225,3.5939698063345737,11.03506216694778,10.883297294220554,3.567223301066381,3.2977636866992617,3.5257385047442362,3.2190589662622346,3.384093208347159,3.1101424177035915,2.6858388980326886,2.844587930029032,3.625168921694651,3.582902231567865,2.7466771464666624,3.0332168129361117,3.558862006056746,2.9196720030563075,3.013695884912439,3.275530793836267,3.764269533599771,-7.811848228024686,3.2688113427770555,3.6150749599736542,2.4277913173285723,1.9992087801285492,3.828169247092862,2.3821666889350617,2.481652042189425,2.7801947802702083,3.996925175727407,3.3693352896666715,2.5693710309082363,2.024543370121985,2.6742669004982664,3.0493846168478114,3.4010109976142426,3.4984055735976467,3.171915662089839,1.9976909980497521,4.8793120538080474,3.256316610761674,2.69906533269313,3.61940042985443,2.6917987945843294,4.517588004304392,3.300137741917036,2.8312408197945347,2.258662548324726,2.212960937098853,3.3343714135673888,2.926657968973171,3.0274943324222656,2.7332260696834094,3.3001231229620815,2.4765198347794977
4,21,22,32,35,41,42,47,51,53,55,57,65,68,72,79,98,99,106,107,113,118,119,126,132,139,147,157,160,190,220,226,236,244,250,255,257,271,276,285,290,295,305,314,322,329,331,350,365,369,371,373,374,384,389,394,419,435,436,441,444,452,464
1.4416151967715474,2.4878153714284372,1.6220462786836443,1.7056024865985377,1.208747825655724,1.9560629453981164,2.3739601075587546,1.4007977611076559,1.376537010004339,1.8519150294915248,1.2977823373478552,1.308219595202261,1.4714525863837604,0.48158784787947073,1.00643237970821,2.0405010067283427,0.9999698590082433,1.4065999316266156,2.2086752119282274,1.2505898142967518,1.6644618555463475,1.5063314936905807,1.7089812449231323,1.4320346969533415,1.508679972064698,1.44786603438037,1.4470383617955629,1.3835204095505484,1.589709454628892,1.1267243580001924,1.437960785586531,1.164488962009208,0.043383598618472116,1.9999577531795847,1.8846005734306759,0.5168916825211115,1.477254856077589,1.6251028232944682,1.2189519654894585,1.2932349635727691,1.6035855306559836,1.5040514486673358,1.999996023425379,1.4952970936937806,1.2976705250136615,0.9612911741802945,1.4206192714093446,1.7996765268081363,-0.17048786598984678,1.58524815197616,1.241513751631568,1.8473862425547134,1.2140567766178973,1.6137861690699005,1.3044478574397962,2.081048509474022,1.753204411840149,1.32016926689434,1.4181354928688656,1.3112216188308432,1.493627616150568,1.7013694135878197,2.000036336536099
1.417032332544129,2.2731529527675516,2.9055785302727823,3.745094703999463,3.235866704875291,2.029476796283962,2.5696278283005376,3.436405937566616,2.3990756025914233,2.7744310785970496,3.0039380132681694,3.7016921026154215,3.5133564545067717,1.0278488469537008,2.192415180698035,2.8513505418972,2.4302973843285423,2.9189264119762557,0.014446530167381797,3.189958025410149,2.8078175163646817,3.0165675267836276,3.0322230283355305,4.231274705177967,1.9986074439461263,2.52365708614536,3.39517332958827,3.437591352207697,3.2477650011490478,2.1058467254224564,3.2539347575486572,4.656348616578707,5.248068683457781,5.647629929741685,3.2207620070649075,4.1090551325524185,2.4395231058727544,2.8300852437412405,3.057833052988955,3.4389535388212664,3.6413935598051346,3.674313101084331,3.2495536542456653,3.386991030838917,2.617769553285208,2.5217754713424116,2.6222587373672246,2.6224379432654326,2.888082243781726,3.2738751515482925,2.742318134271353,2.6669789847690977,4.397941239618456,3.193824079306782,2.9313086813983538,2.494504772265037,3.2789695486598793,3.0155186548010917,3.161151818766072,2.9328298233638233,3.4927626581086413,3.6368523514556252,3.582677534511152
7,22,32,33,35,47,51,55,57,65,70,72,79,101,107,113,118,119,126,132,139,147,157,160,177,190,207,220,236,255,271,276,280,285,290,295,305,314,322,329,331,350,365,369,371,373,374,384,388,419,435,436,441,444,448,452,464
1.5920277750894771,1.4919755923427394,1.0687114431516145,1.5602188817721652,1.2250717763359695,1.728837997348438,0.3630083332370889,1.7000391995105684,1.2209264569734077,1.5213769663363745,1.6390299239737356,1.2940684549237633,1.3209850167124302,0.2521594697096423,1.3142152938253981,1.650776542375398,1.7319937495966826,1.8283228749170601,1.632815348402931,1.4235794450690582,1.7196074848560177,1.605910525324509,1.5220547555837203,1.583682781397955,0.9880985788117487,1.2292419087878441,-1.6243860739901868,1.4615681103493807,1.3987241851236047,1.7049854599719554,1.3291858026244576,1.506097853010918,-0.21276604341197436,1.2809393881618176,1.3218034583170546,1.4432339656099895,1.9999976927530532,1.5494502128300383,1.656751495512225,1.3129135797517133,1.641867708289769,1.4285946787016055,1.4694956469335687,1.5803643410540247,1.5927349811462697,1.590401671711659,1.6150102124228258,1.4321856899450425,1.4650839367979713,1.5084916952885474,1.7029480958889578,1.6111815492077655,1.3584728817077178,1.5918134913158537,1.0564424331212112,1.4249015800828728,1.0535430958651415
4.379256968249427,3.0350240715568235,3.219971406685112,3.739626905305212,2.872850405410828,2.953041796745222,0.6476445669246,3.4638477500113316,2.951497232587899,3.1975394633296945,1.3685396638675291,2.3265096025937213,1.9895614927263234,2.8908627000396843,3.276790402118106,3.0755165779009634,2.5833815820045203,2.834965276966722,3.3400314119511565,1.6319083887789985,2.9608665906094913,1.6825722605239135,3.286346639739436,3.1224838245999145,3.4175278523554242,2.6212467977708895,-1.2567936405301543,3.1769400726625188,3.57547780012886,3.0337124275878384,2.685276323209734,2.325516844181193,2.2719549444000116,2.9792700062849273,3.313509974641459,2.9547915828004316,2.7716361384253645,3.029037778215954,2.551574251263318,2.256794909810451,3.2109339706942057,2.651491228838286,4.122680199369162,2.4315520544743876,2.1827050369138425,2.473529974674758,3.5459653256359522,2.821646044269517,3.6295787595840254,2.063753505436,3.001465769334516,3.005173266795378,2.9668418085872204,3.200669963915108,3.4457579898263333,3.674003681367559,3.0864507277523394
7,9,22,32,33,35,50,53,55,57,65,70,72,79,101,107,113,118,119,126,132,139,157,160,177,220,236,255,257,271,276,280,285,290,295,305,314,322,329,331,350,359,365,369,371,373,374,384,388,410,416,419,435,436,441,444,452,464
1.6387832011309271,0.5088999222159534,1.171354162419976,1.7577166333156555,1.6626750422061525,0.5216074040152676,1.4733715495337325,0.15515226704032886,-0.7054538762423861,1.4320445757743876,1.0075048851910453,1.8047798461156024,1.9999981460680016,1.307308035828659,-0.05281958068131687,1.5313299632236257,1.6981535715517349,0.4018818210275569,1.7176605091293253,1.2932103806397368,1.2144989380851503,2.1399787148705087,1.2007425581288729,1.395386961632745,0.8368248339736677,0.992094076929105,1.3686182409647867,1.355784171788223,1.2942446447165057,1.514862831421028,1.47690177212292,0.9357704115132979,1.5010031323025443,1.7302697292513072,1.2156003596558818,2.00000097673973,1.756805905143199,3.0136145738658593,1.2496371641276391,1.8740538086305962,1.9999492937174996,1.2369613229621697,1.403727604727798,1.4362640879956512,1.5638312242366066,0.27084448231036906,1.1466598818534655,1.3043935162368645,1.1231139149600198,-1.4735964138551463,5.693499610186573,1.6388530300329625,1.6127186398207694,1.4240329262827964,1.747660542212622,1.463507090868943,1.5129096255972363,1.599001339860746
3.1621513702931656,2.402876066052932,3.7591271523675722,1.9675795347018334,3.6029838047167684,1.6144584796777766,3.076043656462124,3.728114015810205,3.7613272654176377,2.5260887505202723,2.203956983192282,3.5572676747250895,4.474779478043688,2.4567352662579065,2.3387755889538875,3.513848427386245,4.6220099652423965,1.1019831521932866,2.74911962360414,2.980065430949002,1.1110047438052293,2.168128011662958,3.325499980103345,2.7705320917549647,2.918476616438557,3.498688539309497,3.6585514122167346,2.763824360196944,2.5180524177477093,2.901620469860765,2.4049971009315363,3.4513913052100427,2.6512475343181046,1.7348543302655965,2.8655133607016454,3.4164865420671022,2.6878514843864583,4.590293792174667,3.127829578256465,2.742428294634758,6.247972312861113,3.7370289336402323,2.81098985597895,2.739209015841567,3.2082261466489617,3.9260689559281756,3.142378421290773,3.672767853937305,3.6328387514493095,-1.9413923733714764,11.878030536470266,2.48216335599436,3.256332959327712,2.444450873289449,2.9036731759012673,3.357660855235439,3.272781405644927,3.5040359684105464
0,22,24,30,32,43,53,55,57,63,65,86,106,107,114,115,118,119,131,132,134,139,153,154,158,165,167,173,190,193,194,196,215,220,226,241,245,257,263,271,273,277,278,282,290,297,302,303,308,322,345,346,350,360,366,371,373,375,380,383,386,387,389,394,395,399,402,408,419,435,440,444,447,450,453,467
2.560492846549251,1.7779920480728895,2.3977489749732923,8.367877628051968,1.6992859696533982,2.7138711226049974,1.572014017000012,-0.0803109642791845,1.6608785086792397,1.7336543231006467,2.1241888571886083,4.488395025605383,2.722248937608987,3.4622633427757785,2.28031413810775,-1.7561516996323905,0.5839902787688889,1.0635210204468317,1.7950869999865071,2.4699049958314996,5.182646421531507,2.056081260314407,2.128314520054684,1.7603994175116056,1.9281585958324547,2.5614252648564637,2.3439585431662024,7.434731763743482,1.636423830551749,2.771127257163289,2.780947919452543,2.0158773143738555,12.618540604028944,2.0480075006011726,2.2379724947200295,4.0987123418573725,2.708408862487555,2.315580618044347,2.4202243125319853,2.05671382330084,2.0858001953778285,2.6359519157951254,2.2776963024619477,2.369008456932156,1.723784600859529,2.378686328915804,3.6336176358121435,2.9576658390176838,2.910130473629993,1.7310234319904132,2.0545677119918295,1.6100522491283271,2.9972002042236525,-1.6649512359207663,2.538732606711048,1.9050102666262725,2.5235245491147626,1.4266916928241309,2.2466114652915863,2.992048073701281,1.862358541287061,2.363453890196377,2.260023841970903,2.6294322980325817,1.538640579980924,2.439839496707545,2.7340541974512877,3.169085793187482,2.289201333859901,1.3308999101754386,2.1548801965602293,1.131598261758644,1.4640345011005387,2.2138248486618073,2.4627799157440267,10.338030056710721
3.2312863973256873,2.4531546147972105,3.05160045840663,10.55109846173061,2.1626793503216946,2.9393315109700966,2.258360639759213,2.577154687655257,2.4804803580916372,2.4089225632202464,2.4101162518468313,3.453506303086953,2.0301936635677738,4.536072837140998,2.1248866609007684,14.029682050250734,0.22779970683971662,2.1426445201453674,2.29523699674076,2.6749020339548,3.549192614784479,2.9938268727738335,3.1163042518862807,2.7041129527777583,3.9999998008933395,2.8418480163339135,2.617288000702022,6.434782644384143,3.5512454148874744,1.8351992649391624,3.031498195466258,2.372254343190639,11.365138198490923,3.0782135515539073,2.520696354013019,1.2870264175434616,3.366568883062672,2.669669705643974,2.3089357075575947,2.474057418681794,3.88031112053989,3.0993620380616607,1.9095107190500853,2.02110520456632,2.0524853099608045,2.8095718369688023,9.93752933173376,3.48717015662793,4.343014176250628,2.4755780221261694,2.5792325210272864,9.676517297770376,2.7434161875200704,2.725302570509674,2.7134797186617043,2.3823908781488425,2.2561098834874267,3.1570690179159264,2.529396381660021,2.0590988758410775,2.4200932131502766,2.226901101803947,2.6978737079777444,2.6066992820037225,2.7129849219171764,1.5627914295350303,1.3979532287137015,2.7467064616634858,2.603498687696524,2.866578816809384,2.4553761948899213,2.4086079329885157,1.582942101064474,2.1673210669863057,2.5143555989065387,3.0865360749265296
0,19,28,29,30,32,43,53,57,63,65,77,86,106,114,120,131,132,134,135,139,144,165,167,173,194,196,203,212,215,226,239,245,246,257,258,263,271,273,277,282,287,297,298,302,303,313,322,325,345,346,350,354,355,366,371,373,375,380,383,386,387,389,392,394,399,400,402,405,408,415,419,422,430,440,446,450,453,463,467
2.543190290316189,2.686734982293577,2.5453428281423456,3.1406859682780777,2.542059696738864,2.2941103039831674,2.450529785164224,11.027904496987812,2.5286670626565133,14.410657537573101,2.274005212153254,4.601814733549748,2.3596039952401213,2.753850256486726,2.617876227723327,2.7076422541888814,1.4919466041300748,2.4746277230211495,3.0362735167006027,3.198761224829896,2.330140318262658,3.060682066641069,2.411529733925185,3.108939341755848,2.9351780966465473,2.584081647904772,2.037715183896125,3.909430692157013,10.924421129981454,2.6180786228448802,2.482344060935771,3.2190976512057476,2.3972876772221454,3.736339306984254,2.6156887264991617,2.286870848888615,2.710233188381326,2.1785073545970657,7.462380397236414,2.262491358341549,-1.7811397970849017,11.397855717208216,2.319517248135194,1.3845432446897865,2.497468386909268,2.6424125278967727,3.164561201746764,3.2009305417940563,3.0174937104573045,2.7358978756743038,13.70021005939233,2.405872973311267,4.891930292071178,2.2801297404389826,2.3703168069185847,2.828325047527138,2.707767992352843,2.826219400377849,2.598604958779913,2.416804619255581,2.1277307072097242,-0.9762386424686168,2.1601654676074293,1.5916815464554437,2.5753610538298304,2.3758424082248766,3.240857078050574,1.9316190689752395,7.8108602218439716,2.240043967830897,2.609983148864502,2.639331572898442,3.7004915138284433,2.5510995856293897,1.4853686880092174,10.522214504264914,2.2988645098903833,2.90074547141026,3.0556664827014974,2.4696140318716946
3.0783906462385144,2.3554712897255143,2.476416058810296,3.418895259838224,2.614721064939099,2.6356500177850175,2.9685998907867366,13.671458715208663,2.834010643961544,11.232208217835534,2.6216691350826187,2.0980050899904015,2.6304769891478195,2.135838406319425,2.2233514525445357,1.9990866876711635,2.6438285547739726,2.2968747749530056,2.8655924310459926,2.4802193706496243,2.8130113273264428,3.394410905427435,2.9608361838320683,2.5543896193457627,2.2620121484349287,3.5018351682841367,2.618125926583095,-0.5362295736893574,-4.924410201436592,2.4936534018006267,2.410190295014428,2.146545622683125,2.858672213815705,4.62140622409183,2.4592477770020156,4.563836688070616,2.686731334658463,2.969203614356136,0.010708795336553138,2.363369484020409,1.5000426015104245,8.833633841439866,2.5452617184037116,2.3095236985178227,4.814886136321611,3.520859458978667,1.8948789762494713,2.323755038444652,2.0920845175429386,2.3700146706302547,-4.2082619660308165,1.972729793992126,2.047006159842485,2.048803722143668,2.5820667913216857,2.346267671989124,2.240045125851527,3.114400330709625,2.725171471560217,2.7238978586239933,2.410520615895451,7.248287712089162,1.9208531599040484,2.69300235409935,2.2923792310661675,2.565770487079605,2.7702475884518343,2.784051641793383,-2.068632668285574,2.700131489185706,3.060125357840625,2.5859140124253073,2.4514614321756594,3.0146029650200123,4.009408643058738,-2.669954308144275,2.2807979005164096,4.399703221852963,3.5558360930368558,3.221991802330879
0,14,19,29,30,32,43,63,64,65,86,106,107,114,120,132,134,139,154,155,158,165,173,194,196,200,203,210,212,215,218,226,239,245,257,258,259,263,271,273,297,298,302,303,307,313,319,322,325,338,343,345,350,354,355,364,366,371,373,375,378,380,383,386,392,394,399,400,402,405,408,419,422,430,440,446,458,463,465,467
2.737151106908208,2.520798287000889,3.5703688290950226,3.6666678435164592,2.745688233614719,4.097155766509161,2.5600552497875437,2.4973892514272826,5.252122958848611,2.677810514951643,2.7897035265077212,1.9221480800370814,5.299348893536269,3.1606219617960214,1.8076022311592026,2.677206994380469,2.859284863326954,2.229496118547953,1.697560693890904,0.9270597983918965,10.140844421668493,2.4779562302091405,2.891874952413505,2.5771212290501446,1.6698717163974843,3.3405682630304967,1.6588419509643093,1.87687365666333,2.8243081445294664,2.644887041272442,0.9283982643859892,2.773373374588174,0.6198089080797093,2.3335561297695104,2.208500008647416,2.786540633495979,2.231966951495827,2.748153402750023,2.3757258888389474,2.6285235443022374,2.8572633899600812,2.5226324174286976,2.203283456165681,2.6995402359355456,1.673436570571249,2.550741481279627,11.372784842701195,4.07480641059154,2.549999559861897,3.602017002142116,1.7439875803948537,1.3025758287025448,1.8067670657447557,6.453892679299171,2.555186631355526,3.566243863499378,2.677603870141244,3.305125878405857,2.4069125537692084,3.2817760409577432,2.3403921915884607,2.064688285144373,2.787798643290736,5.649824891375634,1.8693481701866839,2.4458128124864924,2.6709657297123135,1.492150533463545,2.701498334169825,3.6013520816778426,2.1824570236127556,2.714066026292537,3.999963775042444,3.4034112557737224,2.6691673901371096,2.796143369865818,1.8620357533190006,2.667044595441552,4.2778603756098015,2.224142628453106
3.0223574019076205,2.5469771673793677,2.346021836826971,3.4883258320345822,1.966226267928651,1.0978284721505212,2.3926085502339722,2.3629902333853483,2.7702513307031085,2.3810863612196287,2.107673810416419,2.7931283337456088,1.730728611648369,1.71907473783161,2.9389780127899696,2.6424868044428855,1.4415674974445412,3.079305378481747,2.5264380764162335,0.4746320950989815,-1.3323202664391798,2.471566615768385,1.761482450848825,2.7288535217255068,2.322602312858895,2.0987870668586606,2.19406128311868,2.564314908893735,2.501589054860735,2.7130092291975814,10.459959768232256,2.7374571941379857,5.532809303073042,2.7717641017587296,2.540099410798369,2.0928343418529467,1.2235721056427882,2.289311059043924,2.4895683045619177,1.6725192059122649,2.3216284508029403,2.03611941342339,3.301998252239518,2.8656235702265205,2.1051172396686795,2.538416831314907,-1.2159850489554427,0.9363920273748665,2.2606176670741274,4.002752542050619,2.8880941764795236,1.8694141649493896,2.6352812586786434,3.0880291456179907,2.4448769071428718,2.2244674664011486,2.6398297616322894,2.4951714176820623,2.4416729032245015,3.426945093739069,2.0788173897159363,3.0974631285103067,2.1545059814755856,0.24306894036998208,1.705485806252939,2.869301802132803,2.439872287628453,1.496087816565586,1.974914640811706,2.5875765501494947,3.2329751208009565,2.391476351960197,1.8263584957900711,2.966130508713884,2.278989665190399,2.5719640439578306,1.5311825840956867,1.5091696114295323,1.0503619084274454,2.7908318634288873
0,13,14,15,27,28,29,30,32,43,46,52,63,64,65,85,86,106,115,120,121,124,131,132,133,134,135,137,139,153,158,162,165,173,194,196,202,203,208,210,212,222,223,225,226,230,239,245,246,249,257,258,263,266,271,273,274,282,286,287,297,298,302,303,308,313,315,319,325,346,350,354,355,364,366,371,372,373,375,380,383,386,394,395,399,400,402,405,406,408,414,415,419,427,430,440,450,453,456,457,458,461,463,467
2.2898806366273092,-2.9763667139094414,2.0704213166263767,2.84060642523791,5.418831375774729,7.6333981701319695,1.720452690774637,2.22001770071347,2.8083573969269375,2.4346971939185655,3.3851248227984074,1.0469647997876894,2.7397375487269535,9.030679796774315,2.2972065812153817,1.9999739288828255,2.095381546419061,2.170186992512436,0.9962915027631996,2.5141573558736243,1.7404697266523752,13.388895156374073,2.7331875115214967,1.9267652787905802,2.232357677815731,9.554851322715024,-0.11059269818641687,2.6613014542740348,-1.8905319863467533,2.2800871596464978,2.2325708033083007,1.7479422214794549,2.3659331182437455,5.189100014142261,1.0586805444438934,2.123933609388288,2.582979989465696,3.5129807593007953,4.077484256087269,2.265688488876652,1.803622378656339,4.27175305885136,-12.06058362695719,6.156533016150115,2.3131064904797256,7.9803842938411105,2.8110994065535593,2.7938812807864695,9.464169604129136,1.9118758165868914,2.3388753357014496,2.416020714367689,2.4880487619398903,1.818531899357597,1.4831224859682,2.5715988121567683,3.554352226082483,2.548164819144711,1.978022493995415,1.161780327911408,2.254290259906038,3.765514806534204,2.125689367239863,2.258123161781183,2.137997078898991,2.932037096454475,3.27355490939927,2.0685275527754357,1.958552488960005,2.117334603113296,2.5475582457566226,2.40688972997121,2.2975870439627,2.5586351042239706,2.5073250307895414,1.4357074077428973,1.7548467414947861,2.239559201229919,2.4408793561570947,2.784864951532734,2.2560263992270126,2.3581671840786527,2.7774071369098863,4.114992614291854,2.2861594866273025,4.243583763975954,3.1031103135176914,3.0422530860780608,2.113127479443709,1.8277708029719286,9.961547029515787,2.8127078871108373,2.054483029385171,3.824748849514262,1.709644067319617,2.2079239907574975,2.5167855631555716,3.4157297681422745,2.6449110163232525,3.7285005327273635,-2.5107211392961606,6.156533016150115,1.6261379065324293,1.9250626683692333
2.592163139219778,7.62353603292459,3.365653811956428,5.001773930917205,6.24548249669586,3.1512943584238036,3.2964687375270274,2.7322037973963376,3.5935554386852546,2.122133351654611,3.8613930927509013,2.350873272024547,2.3331497450091963,10.469155384578096,2.292711999684337,1.9999878917042375,2.728807569289949,2.3052676826643235,2.2443480187825404,3.1458698461593366,3.446625044076976,5.960747523147164,-0.6668642247617975,1.9951938531138824,2.261232841928442,9.557771172235558,2.8534144928844487,0.6692099950436393,1.8196306505234827,2.0895070506218714,1.920928742568738,-0.09442260366318814,3.164664173800381,1.6148049671002274,2.3423180695878996,2.7553967034309323,2.8173313938104263,3.336813415908868,2.594155177101697,2.4470060467683075,2.9783547932366683,5.433128025587347,6.806624300784316,0.7104784845689893,2.4909576244453344,-4.126710780721615,4.2154358847462925,2.6432500827850873,10.45722732815278,2.6556657306092473,2.1963928723501303,2.867603240986375,2.442572812717924,2.352987401708342,1.9264332374533049,2.2232897723223335,1.7126116329911754,2.629163565531867,8.291074809775917,1.580008601516838,2.538981917328469,2.1768599962170354,2.506993047563321,2.519326275762777,3.5449547470145952,4.605461160548564,3.4973926384270726,2.9117759157737586,2.878142844932773,2.2660608118391847,2.3584224059443475,3.0211425526864892,2.7032592052821767,2.6591575235841542,2.641005923329663,2.160380674014076,1.641606176597206,2.6790404719558225,2.8338437487517147,3.2005606899497114,2.497872112583822,2.5324783840451293,2.762175880739893,4.703079898306907,2.647068140239158,3.8157590998999975,2.4394059750354122,2.88446841272021,0.5674346618757071,2.874641431010883,4.488840962491746,2.974659047366695,2.6940520291873122,-0.056458303664406295,2.5912629279946566,3.646012692330707,2.1794146324549213,1.5804246570471063,2.413265358200829,3.266875446207779,5.333889605447833,0.7104784845689893,3.356075152849973,2.6824615358049666
0,11,14,15,19,28,30,32,43,57,63,65,86,106,114,115,131,132,133,134,135,137,139,142,144,154,158,165,167,194,196,202,215,226,245,248,257,258,263,271,272,273,274,277,278,282,287,297,298,302,303,308,322,325,333,345,346,350,355,366,371,373,375,380,383,386,389,394,395,399,402,405,408,414,419,422,430,440,450,453,456,457,467
2.419329145562342,0.9945639735779153,3.6615423162478145,1.7941139325363271,2.353254148101002,2.1902242969800385,3.09946922979963,2.4216442467490715,2.5395042321867978,2.0089741586123364,2.3570197900515426,2.525018191537778,3.4424774591818226,2.6073022923335847,2.7790736707498427,7.124330719079911,1.9733698543293232,2.566831140524031,3.53642096984482,2.7226694023770346,3.0428107734080574,1.439203660864603,1.918037014905043,2.6135636123641754,2.153371145557375,2.0266805938404966,2.503674314028295,2.3903503879968113,1.442474933070427,3.0649819803053515,2.29793808364989,0.014446530167381797,1.6779995422871492,2.607236630738942,2.0607578350174127,9.310700048517912,2.2051002758497,2.571037537003675,2.8809088448499223,1.833862310382548,5.469331336658883,2.775944200531222,-1.7545632242429239,1.9349057171731023,2.9434637234632435,2.6037632209992108,2.9915586619104753,2.383115871230988,1.9219311771367544,2.0450038043723047,2.678291181496318,2.999883810531058,0.2899095001878114,3.3587029314228634,5.99883622697568,1.5467885231803005,0.8803621012582299,2.963089905647677,2.865605752886996,2.1342800215157833,2.328013389374753,2.123248621832709,2.783159143521438,2.4408792435534927,1.9511499042137692,2.327399321158346,-0.310369279720934,2.016037599421108,1.944360723132565,2.598796088511035,2.0408434551025665,2.9247329649405076,2.9430999612530515,3.518989504623017,2.687003640433792,6.382152874523603,4.243355124214782,1.735116237959684,2.219857022277677,1.556108437638287,3.766388528035117,3.0865360749265296,2.2941106055970915
2.523124929610602,1.1916236806971288,2.646125393454776,2.5877217538438404,2.2466725221141832,0.9595557432109214,2.0569080394830395,2.243856706658102,1.9286708293270778,2.379371069531263,2.984853970618362,2.616870206235646,1.9613708817415032,2.6353917664131696,3.082363497807651,-0.5060585296758169,2.8072803591885407,2.8455608592140065,3.170044607524228,2.729438740874853,2.521516132823277,2.473111047396438,2.8848845698059478,2.670520755417272,2.326501565558872,3.1633096867579504,1.8045894359636092,2.5517828357582033,3.204795464036967,1.9501881321060655,2.1089623405659914,2.2086752119282274,2.799885781991046,2.5952031149806234,3.1174593864740436,1.607829354740053,2.231388661436763,2.6848515638767663,2.425236965017264,2.7192265245390175,2.296534025669059,2.3857199584469146,12.028947406789335,2.7747464974739806,2.251467276445056,1.8383963105224952,1.9994504038682988,2.385671439845752,3.462036760466212,2.2262732498507645,2.30422296264375,4.14890187460923,1.1688840514358092,2.327577850612818,-1.9977797741179728,2.7174081630483267,3.4962997678427477,2.9413297732358483,2.117315350395069,2.8572444621519537,2.6357181586335656,1.9429779447076223,2.927859585372166,2.619157301823074,2.5897279953291994,2.565722325982388,3.1399124360026125,2.3230636156125866,2.0580846437063682,2.4712983503066193,2.4687308901913236,1.8538276728353695,1.7984852339305215,3.5664778656182574,2.5949543088730564,-1.6579000508746682,1.3048649953245066,2.363740604259757,-1.949866677987448,3.3831394157991515,2.298845345843775,10.338030056710721,2.821125450542505
0,19,22,30,32,43,46,53,55,57,63,65,66,79,106,114,115,119,131,132,133,137,139,141,142,144,154,158,165,190,194,196,226,239,245,246,248,250,257,258,263,271,273,277,278,282,294,297,298,302,303,308,322,333,339,345,350,355,366,367,371,373,375,380,383,386,387,389,394,395,399,405,408,414,415,419,436,440,444,453,456,467
2.0467931015284013,2.3667466311948795,0.32456267081403234,2.7624614130087917,1.5898035673902853,2.1675522534165728,5.083785723757444,0.9673369153443371,1.2796680392562187,1.7298612119703707,3.3538270556472103,2.381691879807566,10.388760054816736,1.86140924053602,2.8820938039007435,2.1192808082136088,3.5148005044833273,0.9489337830515605,2.195024657444873,2.442400691395779,2.9856273833853573,3.247342824631719,2.614310259144803,2.192187889940355,1.9494953720932124,0.758513522566888,3.416560287270509,2.583608152991033,2.521070712678483,2.0001058719632754,2.554565601664673,2.9620911299822943,2.3260642228597286,3.9938832909198387,2.4145935322627974,4.073780584898716,7.59779815537697,1.5551630482477967,2.708420118682376,2.334248977721395,2.9640705718031266,1.608082899223311,2.6863727748797093,0.24795832838160975,2.4663960202009796,2.5593084401927593,2.3130683241991195,2.6109273417552705,2.6538491888949114,2.7051300070071003,2.5191210667465804,2.352036570434653,1.3344832404422764,1.9890410155948821,-3.0432217817719263,2.8378822616679296,2.34716610264802,1.01746649467792,2.9412332232294993,2.8931523442380396,1.7573665771730702,2.7100618307578705,2.3419141494641895,2.3204237627616697,2.576250271472629,2.4589466364396353,6.4864534334530415,1.7158090206427072,2.939884096696495,2.953431467659261,2.082465507758589,1.5610742327480809,3.352410098655384,2.2939309696413535,1.0733949073606355,2.3806042311900866,1.0332136780489984,2.422667845391553,0.848973091028884,2.7695764713383793,4.580532863539163,2.640421653354049
2.3241879539231625,3.3914127051123977,1.7654725332419603,1.9001999621264811,2.412702247887888,2.640204014614247,6.572552527699099,3.521672037588572,2.2809455531398397,2.099847580446246,2.431177125243944,2.2031053969048715,3.7021357608778906,1.7559511779927592,2.6184832249837005,1.872977674226241,1.616879420228599,2.1981005848851423,2.7432250114728607,2.952987780879817,2.446669491655399,0.9731069046430647,2.2233212635899813,3.8079911744050814,2.665541139493045,10.230469071357856,2.10776700445006,1.7892457090989242,2.1282363866172087,0.6891480586705092,1.5135525095361761,2.388067920169117,2.4828776810157454,2.555341409109931,2.6344705054594177,1.8210292461820448,-0.939542626625275,7.615944537427971,2.781772945911505,2.1326480840876054,2.2219668294052193,2.3024666325442436,3.0960863436951422,2.197924516555275,2.3792068493818395,2.4614303679684637,3.096846160898653,2.710988408897278,3.305243251636991,2.3520425925908377,2.150818268504997,3.4016557686130366,2.296341344072356,1.8898231401446257,4.300956626611487,2.997182189578856,2.320062016914006,2.0356575465171587,2.749758421136613,2.9858150970546653,2.439535903522957,2.356380814248296,2.360274559207384,3.0742228530526297,2.5814797884502774,2.7245323151624037,10.976298406830201,2.1937075352225355,2.5752759461693606,2.514765083433989,2.3010471079267947,1.354616651332143,0.6770730946317649,2.1159198817168567,1.1187085653224011,2.557081337986011,5.699502417184112,1.9569952826505266,0.7416579925159403,2.778498551061874,0.9999637999002541,2.2755681107706627
0,6,13,20,32,39,43,53,57,58,65,76,79,81,92,97,106,115,119,120,131,132,133,139,158,159,165,167,178,194,196,222,226,237,245,248,257,258,271,273,274,277,279,282,286,291,294,297,302,303,308,322,333,350,366,367,371,373,375,380,383,386,389,394,395,399,402,405,414,415,419,434,438,440,453,454,456,467
2.1386448121241024,1.690293975635099,-1.8299833262124996,2.3707934656433536,3.2580924928921053,-0.366777083836921,2.1179863635808998,3.5847616112550185,3.7838827124563683,4.804504011602813,2.8593630219372006,1.7726645244036372,11.732094034234166,0.35283624939370084,-0.07596907524639454,2.3500860061204474,2.9618964637960086,2.236149582260235,3.348538382780096,2.170363596194055,3.463375164166232,2.9614344814863554,2.4150341258890315,3.360213775017901,2.4583375182154663,2.466435291678277,2.5078087456043665,3.1863622631849315,3.030278518859748,2.6240842190282017,2.8707631029753746,2.4461295424100538,3.0304710175115357,3.0083457658252573,2.5783441380859333,2.928305912190636,2.785866615295814,2.371644186760106,2.168277903208881,3.384148803891992,3.7258967414024875,3.6663106762575968,1.9215854489650614,2.4870148693163046,3.1187330615212616,1.589540265582613,1.1001962544925288,2.663408059372146,2.449567105214201,2.3676564739715644,2.378366274368103,0.3150339097692719,2.3016819493254754,3.0582729275108775,3.1292880973195354,2.2644620063717316,3.002069005637189,2.908267250487282,2.5080025061143796,3.423126866695644,3.1127976180591537,3.979538440306298,3.60693337309137,3.3647032182720027,2.684294472338906,2.7494063099271155,4.048533908426746,2.4878185779566833,2.3475473829057396,2.6074387306754625,3.0757653817511565,3.0019440750394226,1.631192993463599,3.757884691791344,6.205962472366041,1.3295337080561387,4.579174202705362,2.577722471135589
2.1318638436487904,1.5137393441784512,2.740600820509189,2.3393997724444295,2.1814767566291984,4.31819915511711,2.2498232033676135,2.1243443020043467,1.7270634536120812,1.69622848235575,2.7907400044964796,2.0360953267530726,1.8779104323551654,3.2516738004152774,7.769320822282268,2.2598712923546436,3.0570808675333327,2.057484985436799,2.368372238611683,3.0610681425379886,3.132276002225579,2.0894695456259336,3.1137146882893947,2.026561395308839,2.5535986074120585,2.6595992020017842,2.1472111773027445,6.838493481386445,-0.021233667993438197,2.2054394013806498,3.1155692914450173,2.1496108190704506,2.249626811885262,3.077515830422599,2.2294420326236644,3.666895675879105,1.9335450421486136,2.1186628160515193,2.40981323523489,3.518773154337588,2.145309939375128,1.524696792279364,0.3443680735537553,2.668112029356177,3.4365849922589384,1.0869270455824669,6.283499283327572,1.9660436644093795,1.9927887667484367,1.6442851543520958,2.1302505703960053,2.8949940125642675,2.8347336388135425,1.8903240516476327,2.637075760381473,1.7139611568723865,2.064818584256603,2.3617494954713503,2.0377338189298086,3.793142930248516,2.452998185147525,4.545651214433523,1.8117393318524313,2.921776714198704,0.8461668627982457,2.747512488025262,2.0594214985203223,2.0589967265323543,2.3179141147674818,1.9477586696278595,2.9139441925709555,2.444488956215927,3.406087170883942,3.3617996043514093,5.430312686106853,1.4126798559703122,2.579228896818689,2.157482967931302
0,6,13,20,39,43,58,59,65,76,91,97,106,115,116,132,133,137,139,158,159,165,168,194,209,222,226,237,245,253,257,258,271,273,274,279,282,291,302,303,308,333,339,346,366,367,373,375,405,414,415,419,434,440,454,456,467
2.4644644011609023,4.3370600280304785,2.740892811843821,2.9228543060867835,3.226057758043473,2.3563813471861934,2.4748686529908523,1.7111930596934917,3.994890656606435,2.437705669888873,3.5253804530050736,3.1791530843794993,3.138317517135013,5.928679894058391,3.3986872873191696,3.020750594148085,2.5891409011595465,2.181200823087212,-1.9624987041541626,2.887126221531936,2.7180978820912998,2.8697659243929614,1.5228729937776766,2.566906341929717,2.5994677363293635,4.239670879975368,3.5415834492775713,2.7155005443020475,2.9497595069723106,-1.0236052644017484,3.292038308693712,3.0389273811431643,-2.091434732336612,2.524273321403884,3.7786722598573377,2.7487171851649537,3.22367749712879,2.4031132102880193,2.8518835717643043,3.0324721323947985,3.109441945691389,3.556523093754831,7.965719518075092,10.64500247115966,3.2492470624458125,2.435752427419951,2.605760720020156,3.0737486209769136,3.059129500589293,2.6779148870567595,3.2734439625968745,2.941067190725273,2.4425026691738596,4.371217904908374,2.307333147332485,2.8424982349851575,2.9523843450476654
1.292199482494413,1.4476786726910815,1.8154008554896341,1.655940693876449,1.9159551599729692,1.698311388593087,2.2401105678828106,3.2325173670815976,1.0085408782152536,1.8837276126287743,2.111141849569387,1.4705603612566398,1.633105298128699,0.364437160917651,2.667663918272927,1.2541751538688461,0.8166753075127033,1.4909559192558024,2.913749523567347,2.9128289841493964,1.4580627658840264,1.2717469712330156,2.1861792563023297,1.586979246068824,1.3250981964143294,2.7820128845254652,0.6118231723832189,1.7234544885071408,1.7140242264692316,2.224088477764992,1.4679892591042587,1.3784706592716343,-1.7580754298617225,2.101391590310093,2.1978811670026905,1.5308996835668025,0.975615021281875,1.9923406944023072,1.3961476207853214,1.3533288224963804,1.7508288445422049,1.6653095239724256,1.3325866495156338,5.566321408222208,-0.4130356534691396,1.1657979104723406,2.5350701504734543,1.2006399021684624,1.5252888136704394,1.6669923304765573,1.8252762119017174,1.4240668199534499,1.7680282929535334,1.3674675754570311,1.2869310827449634,2.1686376214427106,1.880704390337895
0,6,20,39,43,58,59,76,83,91,92,97,106,116,132,133,158,159,165,196,199,209,222,226,237,245,253,254,257,258,273,279,282,291,292,302,303,308,317,333,358,362,367,375,380,383,405,414,415,419,431,434,443,454,456,467
2.4185218352679136,2.5436439510972284,2.6049495311267696,2.578310521317539,2.6574468694989357,1.9110839727598299,1.7016726984178063,3.3471240939891134,2.9445874935342733,3.3522575211564827,2.408582103915472,2.042697351024617,3.512998141720404,7.9236750844494175,4.071073394763549,2.136359758831823,3.0075234701544744,2.3315832426517273,2.1822118508208046,-0.6612912968776901,3.125845796510781,3.352051314241104,2.805349039847453,2.8473140263229357,2.9232705186557744,2.783768833324594,2.9588158564641747,-5.362205684316861,3.551656378651017,2.7701903648696984,2.816523872556947,3.142814116190501,1.8610366373392755,2.105832098958826,2.754935355995401,2.5051925916250535,2.641075439803881,2.1259262468734277,5.462337431509734,2.282302948201721,1.9068802954040156,2.4668913658752767,2.8028707206503753,2.7489152054580437,3.605342751409662,9.979008473279801,2.939295821715085,2.366419786788994,1.9923204165121358,3.154848403075938,2.0380388096667383,2.151474681140556,3.108371455069599,2.6242497411549106,3.181085673152956,1.8076240186442865
1.554589818411698,1.7570854075131674,1.6186215490455909,1.3685198824083251,1.6008295493649678,1.355967246737564,1.9958009594647699,1.6092391576127805,1.6047525167217431,1.7135380363093164,0.9999675046974946,1.758484780875781,1.000040874594629,1.0211936718375214,2.0000130786579966,2.000021401033428,1.7481784989679552,1.4249734610514875,1.181202826881601,1.563052817886187,1.9671886126914648,1.3605661399080184,1.453743331241053,1.5000056897060903,1.8983722987583818,1.5682911237163375,1.818180073794578,8.788799779959945,1.188567150888405,1.5022356763619134,1.8225512511517947,1.3686326493300265,2.000022761225744,1.5940251497797897,1.6192444161018509,1.5191844647169015,1.3959884820238848,1.4682318066632982,-1.9788440427674527,1.6112358319435645,0.8598940557805329,0.39577015197072285,1.442881774968912,1.3703257640930344,1.2181188241276422,10.34768324093126,1.5851702219158064,1.4431745242694363,1.6575073853640547,1.2976028328498348,1.8070069364454193,1.3030924098520567,0.9999647804250379,1.6740615151437468,1.53766912709168,1.2505084796518653
0,6,18,20,39,43,58,59,76,83,91,92,97,106,116,125,137,158,159,165,176,199,209,222,237,245,253,254,258,273,274,279,291,292,302,303,308,333,362,367,375,401,405,409,414,415,431,434,454,456,467
3.2635987816829766,2.528458573848157,-1.242702990713462,2.885409810404333,2.6157262379481576,3.6087152747151032,2.4331728567363924,2.8994831878732095,3.044019326588767,1.927246720990388,2.5605712999748396,3.005913032909458,2.6876447212187666,4.649785877985236,3.435152109583627,2.733027745709652,3.2053015593700995,3.127143057158763,2.3372426760168157,2.2033039406716233,3.705706640579063,2.9751481222865674,2.5274990126002486,1.8983483659784837,3.18893998613775,3.143269462244237,2.643267794010197,2.8048844244159366,2.6907654055958687,2.5348105784423964,11.397855717208216,1.6494317749828782,2.5887175557101525,2.3973396532672346,2.760777630035541,2.995605714105275,3.412148673892376,2.8270227325088992,2.573108378716354,1.8192090175854658,2.599448552314998,1.2539275065548776,2.8374254423942205,11.365138198490923,2.6892699428183438,3.0370312687263845,3.1057975861433116,2.5972111255384167,3.027018071673475,2.8504160195040416,3.8170645271378465
1.563754454097772,1.8970443525199907,9.734107882422148,1.774595341517088,1.6255256406465177,1.3502641066306464,1.4643404578001875,1.6451448700096833,1.3194073965245883,0.7040749452543763,1.3600963028230924,1.224698002263093,1.6454360755110196,0.2120482578293767,1.8838698655737292,1.180559572100271,1.2817713798567782,1.086000737947031,1.3259762124972037,1.6323442142886175,0.19496985651376192,1.8269567095991297,1.6567171041197994,1.0000003716788746,1.742127767264198,1.3171936838157343,1.8472798735266287,0.3093659587778801,1.556753655238282,1.0000351939733636,8.833633841439866,0.6852215034722727,1.5889234817363918,2.1469843078272,1.3049911623385895,1.7329089762562417,1.4584686137409086,0.9888365485053088,1.6911226026530777,1.4246395036961625,1.3626369590315077,2.1060554588122455,1.6966908555584523,12.618540604028944,1.5533882469934648,1.5784187202341857,1.4406729727719099,1.5927298418006055,1.2444103434907396,1.5514480416214211,1.4857075575552527
0,6,13,20,39,43,58,59,76,83,91,92,93,97,116,125,137,158,159,165,176,199,209,222,237,245,253,258,273,274,279,291,292,302,303,306,308,333,341,358,362,367,375,401,405,409,411,414,415,418,431,434,443,454,456,467
3.3062845751041516,2.993581914184273,3.2207620070649075,3.6151130587078897,2.44638070034745,3.152868940726318,3.0764473869408246,2.930019962026607,3.7605245225876303,3.067660734241553,3.763722399977485,3.1835661849172308,3.2138466011265896,3.1785498017793126,3.6639654399439583,3.9859066924357425,2.9964929150693074,2.522600870850348,3.2614084198570428,3.7516408729277337,3.0330570495739333,2.9687634612104796,3.017957147336691,1.9370783376528542,3.365156068783265,3.6624672149950976,2.950061655311102,3.0367534207013436,2.9229135184971202,2.0640554800268163,2.9289124240655324,3.720158867924246,2.944317403602065,2.85405877951402,2.679505120446225,2.1646075857235147,3.624757205368536,4.125453921096458,5.552084540011086,4.487207578045972,3.876040611336645,3.2469438951109093,3.1386676212353732,3.4610318651837484,2.7607757353903324,2.3607202470860855,3.963937861123452,3.4722175212111317,3.263890288222335,-4.040701120431677,2.645523458558369,2.9720360766634073,1.1483650310700166,3.478563472906227,2.346904161747394,3.9015454022974794
1.2453164676615918,1.2438333982171668,1.8846005734306759,1.6783820507571843,1.888870843374117,1.656210090877769,1.7838910406425357,-0.06995236923824541,1.2141952377070306,2.0000497712519785,1.3657612308693572,1.14203104493332,0.9406716179426203,1.541064828829833,3.4913942876556407,2.6748462214147297,0.9336184447667595,3.2116084189793437,1.3578855194834576,1.4223562994835832,0.9405260768928526,1.244045406509896,1.3858162033655659,1.6261439563233817,1.504798154123781,1.4059418093589477,1.719474532562381,1.1538580678838175,1.7606359466607369,1.6582026371908416,1.4081946381487287,1.7423139175059705,1.5543429398972441,1.160505218289348,1.1143769769218081,2.679733646424386,1.630421915104888,1.1174738838120737,1.7594383793537223,1.4421372302593152,1.7097493603573968,1.4387228788765083,1.4713479305737625,2.137374776765795,1.6954691038868375,1.5505693956894362,1.3432556602317174,1.5187479705565692,1.2988943992736215,6.001564553656208,1.223269458329741,1.2410412807264868,0.8938995206877749,1.6131748057242237,1.4768940697461832,0.7588298040015821
0,6,10,20,39,43,54,58,59,91,92,97,125,136,137,158,159,165,174,176,199,209,222,237,245,247,253,258,274,279,291,292,302,303,306,308,311,321,333,341,358,362,367,375,405,409,411,414,415,418,431,434,443,454,456,467
3.4581416925209814,3.5599601212548793,1.6686720925792404,3.7502359234640106,2.95188211254192,3.6078366824466936,2.4311881851645536,3.409954729236884,2.105920349986203,3.627301390894032,3.053530110598717,3.852351466553389,3.5099462983187912,0.3576751945472405,3.8788802314524653,3.2475753531570004,3.060881029211226,3.2581232747762687,3.9529674609742385,3.0917357475582348,3.0920080455371486,3.2385745269320374,2.5315761071925333,3.5256175901172053,3.119018949453421,1.2539275065548776,3.9828162591939114,3.6012620947623786,2.25872132395571,3.0381272434768825,3.5348736118774085,2.7756929634580527,2.2320757490032817,2.0482187969495107,2.3644603884659237,3.1192584741753,2.8898824434336317,2.106875311065663,2.978512183152776,1.479205502777786,2.587388776471334,2.6648967912298054,3.3607105559257593,2.481835055494332,2.7365976827384477,2.758861762418354,2.3351804077850646,3.333215484823261,3.392021853444812,1.0491051740032398,3.486687617290549,3.8456502483620243,2.6044712180888494,3.7346091436168942,2.4705650576452634,3.5155080074720155
1.3325951581308528,1.6144592408774265,0.8156441231230048,1.6348902581120885,1.7056719698313327,1.54516031274356,0.9999836247860818,1.3709291992873394,1.4059687720706544,1.3368481521509317,1.4139060798539982,1.5994766161589813,2.1357270166130435,0.6084267873064033,1.5456174671155656,2.5047452688502876,1.9307536626495703,1.33416276620642,3.188203827408933,1.197754693112269,1.5071745698985706,1.5086341200522226,1.571970919559444,1.848170713275611,1.2632056810786585,2.1060554588122455,1.5247336155346816,1.2530575830572426,1.8335710283108666,1.477616326570538,1.6076515876894728,1.6223212341355953,1.3426016007418722,1.3418923012915056,2.4641922178899858,1.6913007047018502,1.0000117108387063,1.7283017176386646,-0.19554876423140724,1.9999650801749687,-0.28491334245144617,1.5712814368988781,1.5165695088477291,1.3506514678784738,1.398299384187037,1.6079655049202408,1.0662968712212377,1.4234956506042038,1.680596687437892,1.7891277445674172,1.3743705033370104,1.0923450741798182,1.1671506571279322,1.2434416680500933,1.520951901044092,1.4328089361658747
0,6,13,20,36,39,43,54,58,59,83,91,92,93,97,125,137,148,158,159,165,174,176,199,209,213,222,228,232,237,245,253,254,258,274,279,291,292,302,303,306,308,321,323,333,341,358,362,367,375,381,390,405,409,411,414,415,418,431,434,443,454,456,467
3.2065985662741947,3.1515644825530282,3.2639042145738593,3.603189001040144,3.168511642884699,2.308475515605723,3.1866204199013373,3.595081499788757,3.548451208144329,2.8912470013630918,1.7356550853051775,3.328156189810506,3.7963362429913823,1.8115043176408068,3.451886485103336,3.0867100270681127,2.628801421215435,2.595093306937782,4.106637170518203,3.141347986171912,3.2638478902133614,4.7581721544685385,3.6015129739097627,2.824286120856982,4.105828086421484,1.2539275065548776,3.1887329989062225,1.2550601443609004,3.8793060555361922,3.1946772994800954,2.6525482806210157,1.7045152038643914,1.8643217652849466,3.200872364076144,2.1931393093911877,2.237211464218947,3.4256375186206043,3.154638326497651,4.228475001780506,4.079288771154838,3.068704520593782,3.745735843628105,2.490642877590603,0.01965908812804696,-0.6634929744582831,3.1771737673274174,1.1918296376144393,3.0905593178256954,3.6725786720552884,3.69538374181562,2.935083982316793,2.448464591969147,3.309277371652458,2.991623058707159,2.669698599775826,3.1848769542447317,3.1654266192993217,2.385833614891375,3.794913381228815,2.6230377501331765,3.347055401044865,3.619093120734906,2.9278888590830388,3.4443286497454846
1.5737405841726653,1.3631156821750978,2.0061860341162205,2.1561296762304765,0.4440739060142155,1.4444319252892157,1.3984983890987575,1.0000289707000711,1.5545174361981047,1.4867212928671194,0.8173423849732244,1.4442915980096702,1.1115777147409025,1.4694503759844149,2.1118401461042238,1.4105111054784523,1.523974873142323,2.000020068113023,0.9999346859391953,4.109008860669251,1.4954600154974962,1.1286191969854935,1.1389945834764397,1.4814839609562203,1.400870294231452,2.1060554588122455,1.4272153883700434,3.9399985232459063,1.3807220725349223,-1.3154018542280421,2.0543114029801632,1.8746224313841748,0.7671507833103031,1.1973173519510558,2.0717317010326943,1.3427334752448852,1.6639741976521858,1.3057540485075667,1.3646376955267276,1.5025781052632594,1.9999546864298425,2.0003722700137008,1.640151185497177,6.786364933306687,3.387015232434862,1.3257341927779922,1.3369477999098398,1.8603439535205528,1.804402127343926,1.5208294136302412,0.9750996085339338,0.8606776389345658,1.511249149517902,1.3088437174299445,1.911387181452806,1.3078169564539857,1.776448195206985,1.5458103346527854,1.9999921071610895,1.4083747989622437,1.384333818865569,0.9997896144343963,1.4370617893101296,1.3675766325631797
0,6,13,20,36,39,43,58,59,83,91,92,93,125,137,148,159,165,199,209,222,237,245,254,258,274,279,291,292,302,303,321,333,341,358,362,367,375,381,390,405,409,411,414,415,418,424,426,431,434,443,454,456,467
3.2872190503974856,4.18188573461513,2.9211079511022104,3.49912491118361,3.177890312813418,1.9852237915958044,2.7327197317690555,2.827382557757087,3.4885741909973325,4.640324361967293,3.2072654724535656,3.556549297729974,2.491091792678388,2.386558592801682,3.215361873617726,7.811347125029949,4.081993378820313,3.2216671051769827,3.7599257181767176,4.204153016173517,2.4349535313058643,1.3746383561922728,2.8923212081681413,1.7199697474406688,3.340216633021325,2.5158308028695746,2.8479111982517096,3.409325630252469,3.33536366985018,3.4526413576119976,3.8913178173811613,2.507755827869225,3.794048437849927,3.0886868291699816,2.2260528836611,3.3859796187214273,2.690297815805853,3.814632454284211,3.293809064343195,2.883233143956695,3.161771135209589,2.459209569498486,3.395970802725596,3.2177838218620445,4.142333082324324,3.8676141002032485,-0.40420064672462175,2.9989027864500875,5.37869657268572,3.013959871464232,4.564049038727259,2.397214974021767,3.393703197318842,3.1239562109531493
1.7026784859892299,1.4974038092833735,1.252857240586811,1.6147286187931504,1.460762613291716,1.2781539610890835,1.3370764102951314,1.2771645340578028,1.5423792645532277,1.9793444734013173,1.2525463748244139,1.6874392575008879,1.6545870058685361,1.4920333304280509,1.2019411301045053,-1.8444082667574433,1.2099008423087625,1.5595109702858347,1.196357190722624,2.669806601655675,1.2789177449653635,1.2060885118912839,1.4429082325293514,1.2578865174887186,1.7233107234051794,1.3439953269360951,1.855146885213372,1.453862840085764,1.3614604996965292,1.4163088368735708,1.4760805805719843,1.2443612463947167,2.000026127145349,1.6385506514242634,1.6907299035181818,8.40582010401353,1.3147376513423887,1.1959671529006293,1.8077158312254356,2.388751326803816,1.685275025156746,1.4709128032701386,0.3481848142105485,1.3897833205449084,2.012638573599102,1.398246792395603,2.485812752489652,1.301096778693974,-0.31886092263897875,1.6021459486948335,1.0578972333544145,1.1280124793696538,1.5250422914449377,2.021353376062055
0,6,13,20,36,39,43,58,59,68,91,93,97,102,111,125,128,130,137,148,159,164,165,199,214,222,227,232,240,245,254,257,258,270,274,279,291,292,302,303,306,311,318,321,323,341,356,358,367,375,381,390,405,409,414,418,424,426,434,443,454,456,467
3.009981107877284,-3.152053255635602,2.546208279685297,2.343605035693397,2.707504393098504,3.4833718016221717,2.832509279395552,2.1207778490784497,2.3130295869833994,8.653419448153766,3.4750685644748716,2.724914132112768,5.580583257177372,2.4183100869082073,3.2689203002091833,2.5145689104836038,3.341018622378719,10.64500247115966,2.30505923322118,2.63637725934793,3.3460293553561984,2.101976001973945,2.893856874443041,3.853120078396624,-3.1490508383261337,2.672811445703579,2.8825333788554786,2.864306193686749,2.6961188105466793,3.0300423714958784,3.4471614709349567,-0.5375910773424819,3.1821882709238465,2.209031328095665,3.022539016077747,3.0253917617652437,2.8001955621286716,3.582977111391716,2.992603305768638,3.4295627482494186,-1.682585391891268,2.1221116863185507,1.6158337484550929,2.8929357363771273,1.9999806564659575,2.447845480730888,2.99746550372227,2.9689631584756917,2.7383500058861525,3.4591602225644524,3.3859796187214273,2.330406668016937,3.844962839892161,2.890757458068185,3.21637015698917,4.962501884728227,1.8236496968965858,3.7235520202775065,2.4263767970550565,5.489935649165861,-7.811848228024686,3.5435800200834207,2.750823905230422
1.4507188650156613,7.873088885355873,1.5880549556670651,1.1872077733725133,1.5805245485464208,1.3968084127679234,1.6178880457785243,0.5375371841897597,2.058024636519708,3.2222832561933563,1.6784544903556062,1.5869330874311798,2.5761895506329466,1.4387519344362492,1.4235208540541784,1.3963100038403653,1.4984890538424636,5.566321408222208,1.6502300742087348,1.9635618716169674,2.216241132552188,1.5000019494745946,1.6091313635801818,1.4369607337909547,12.693919130650968,1.459838472945186,1.6490590091638275,1.1706938583786524,0.999983284965572,4.088309184897225,1.2208965896664101,9.87314739109851,1.3015147311137203,1.4568501057340777,1.9104697414638154,1.580675447035279,1.4134131773659804,1.4271436282105554,1.6273882249819707,1.3860683584920235,2.31088898660465,1.199667694789159,1.3042345324778393,1.3093533898829604,1.1064448664654376,1.4090212493893954,0.9999688810016357,1.4237094371101096,1.3476178956890572,1.1578886261952297,8.40582010401353,1.2107228867330493,1.4523336433643952,1.6022695341728237,1.3996804523781843,1.3470209981883532,1.5473245847233281,1.5462417901048724,1.9167591321886372,1.6865733535347616,12.385562915348743,1.6416136819808376,1.077040168339854
0,13,20,36,39,42,43,49,58,59,67,68,73,75,82,89,91,93,99,102,111,116,125,128,130,136,137,148,159,161,164,165,172,191,199,205,213,214,222,227,229,231,232,240,253,254,258,270,274,279,291,292,302,303,306,308,317,318,321,323,327,328,330,341,356,358,361,367,375,381,385,390,405,409,411,414,418,424,426,434,443,454,456,467
3.1308257114286073,2.7935891503269055,2.99028805496261,2.673613586496584,3.8227208467747054,2.203956983192282,3.057200517528301,4.310927335705654,4.473001737849486,3.7122435988908133,2.449539955678457,2.946995411074954,1.7912253034331254,3.2065446576122474,4.220734707323694,3.836152526096214,4.288560040342174,2.8410168732894903,2.3799539878247615,3.4635104063603652,2.5182153902109774,3.1256058636670483,3.3818406418991156,2.0075093602080365,2.775842104929431,4.255344593155962,2.5942996473772637,2.207582131346629,3.6794612534882036,4.703079898306907,2.7914753820553444,3.1406196600832716,3.6268177993163397,2.740600820509189,-2.8823903337956986,2.095089818999233,4.371777890729151,4.336908325094274,3.422828476747173,1.6197354026030193,0.5031942853322152,8.452433457167812,3.209518858557802,1.9576973185059545,1.373588169110099,3.859438249087301,3.161128250136213,3.0752473194644017,3.0022673295036038,3.2312418272928234,2.6466695426073965,2.2604265936464665,3.2452586474584724,2.949243372180887,3.4036875590105384,3.1288821840364336,-0.6668642247617975,3.26216517080595,3.7295797483509467,2.1646075857235147,1.7558049543494867,1.4225450419272754,2.2270997461555844,8.783801080283503,2.674142823439017,3.176246385498212,2.8844891363130296,3.060380402588442,3.1981728861929737,3.9354247946076644,5.363393968378338,3.424663065872398,2.9159507130380193,3.2226752077893477,2.189451410384171,2.988348816506921,0.5031942853322152,3.0115251843084128,2.993852733428966,3.66888559669655,2.6825897925476623,2.473111047396438,3.2094713448048324,4.546773342976572
1.5985007340400241,1.5003266988574209,1.4955599934863493,1.462347505130774,1.1953080372347806,1.0075048851910453,1.4425479815143447,1.424923623571136,-0.5815109908315073,2.0000102901156662,2.349651666664295,1.0529756337735763,1.5216807255680975,1.6967184414193561,2.3844846966473563,1.5056109372128241,1.0000203886688506,1.7104412819727937,1.9448195330562041,1.3127553485166779,1.4497213534662174,1.3018359451376678,1.5286523915518457,1.7660778554772292,1.3201839527649994,1.4576581711769023,1.5626312921414776,1.3231749604057905,1.5762865590866864,4.114992614291854,1.3097873545353989,1.6796669092368055,0.8522463727432205,-1.8299833262124996,10.236752285181208,1.0732171848660705,1.3477954617818955,1.191757570067057,1.7287696357969584,4.162765686311295,5.426068057793277,0.7611310641598634,1.40670244840776,1.4396746550112258,3.2990533023053654,1.324314237959436,1.45552679769425,1.0878976412047867,1.82133233212453,1.7101397444786235,1.7398266646323821,1.503259167205623,1.505633191910731,1.470760478343806,0.8650542490025739,2.138287129322051,2.7331875115214967,1.4601991009708575,1.3345339521697603,2.679733646424386,1.752320769450256,-0.8775400509713529,2.791436777309216,1.9999919143246956,1.643511952522735,1.422120974045321,2.0041466066705276,1.4527989461614828,1.471624605169188,1.295430508721456,1.328702227098096,0.31941603030745347,1.4761480689200055,1.382851759111751,2.2097697930859788,1.3503526637893837,5.426068057793277,1.517848687448264,1.3189366258868187,2.069041461305649,1.0162837265451246,1.439203660864603,1.6995475577405794,1.2981780220823158
0,13,20,36,37,39,42,43,49,59,67,68,73,75,87,89,91,93,96,99,102,103,111,125,130,136,137,148,159,161,164,165,166,172,182,191,205,209,213,216,222,227,229,231,232,240,253,254,258,270,274,279,291,292,296,302,303,306,308,317,318,320,321,324,327,328,330,356,358,361,367,375,381,382,390,405,409,414,418,424,426,434,439,443,456
3.205888775188753,2.62230450109311,2.747533555420141,2.7338332699326306,4.303877597976468,3.4492787539173992,2.2166307013376056,2.786678159107418,4.187583060816404,3.41069539478557,3.065774179646329,1.3687888743893168,2.482422704591716,2.2530937463525884,2.731489549625105,2.253870789832942,2.295159683285233,3.351922284515136,-1.6734978033833148,2.148054363091748,3.607192340798233,-0.9736300857923015,2.4811753858056407,3.1138471006906094,2.1441262816308977,2.1978638991079986,3.0582668704384783,3.6219490424816083,3.409998108134161,-5.362205684316861,2.9401292381087556,3.4363147378653762,2.380311776915799,2.310626153787884,1.1019831521932866,2.19385034919696,3.0682109788425276,1.9663313047712005,0.014446530167381797,2.425519789330367,3.4620480820999138,2.679293087888998,0.5433142748938309,2.1916975117898243,4.1600858558215545,3.06735250208792,2.392254742425899,3.534587972096044,3.0840338883636678,2.5996350705243447,3.354734481078025,2.9000810698026998,3.4765153518854297,2.9585780797964003,2.4405711968055237,2.5427046705165934,3.1246340672420287,3.014920737743257,1.8992806700392635,3.415834526394677,2.7379900776188277,0.7083392424782073,3.2650515698065403,2.304582721082559,2.477921643118557,3.132584077467179,2.4009898663612548,2.9994467703159753,3.111367137795471,2.130788050372354,4.284562851830663,2.982511749917709,2.854119042322543,3.4593462953130696,3.291984538827167,4.024857198312444,4.124836457260428,4.437951382041474,3.8615169435113055,2.4881453797601782,3.8678560433156757,6.721072989098789,2.464074971359995,2.702572454951026,3.368924063511843
1.2153750565985901,1.5257299578856935,1.95093970849417,1.7577363717476158,1.9999751539650568,1.4815959655530304,2.10907804387263,1.5407778465692124,1.236412850530134,1.9999971993364185,1.4033563676398344,2.1893488112159964,1.3350370487849694,1.337046219305183,2.0712322806604115,1.6238719667531896,1.8616687355313197,1.5727508044771632,6.246739766623451,1.6176955834372615,1.4191986189427797,7.48463070107861,1.4373697692050977,1.6863182960490752,1.3434095549990128,1.255784520896992,1.5893595770506355,1.5393487154461738,1.9999995174456504,8.788799779959945,1.5262631441684733,1.4487248840821874,1.6580497882327219,0.9761795136063434,0.4018818210275569,1.417602829616993,1.5733531631859483,2.0000131477080605,2.2086752119282274,2.5844427279803313,1.5206052392136897,1.5026141652460598,0.7204734993539859,1.362872088709759,1.2677159276572807,1.50456020886676,1.999978070401529,1.271833090248505,1.2789279150496955,1.8372964847106354,1.5582057282306416,1.26297728949877,1.999995643717272,2.3404372352284684,1.809684403427909,1.3943221801818373,0.9537962235586586,1.9697275628211854,2.2163449853040884,2.397663415019383,2.54419553140388,0.25470217096070225,1.5449973579111087,1.202144058533126,1.2597946687385428,1.275227650707688,1.2262374252527004,1.1486427200986529,2.2704168440604406,1.4732669854585962,1.9923955632445685,1.415211794628018,1.7335348917139475,2.377392255198142,1.1643951681005509,1.5952045593712105,1.3542380842677528,0.7106280692860396,1.9999695047175634,1.632990608776455,1.5211674460956388,2.857205609289101,0.9920611850809735,3.400228484031542,1.8214840909674137
0,1,3,8,13,16,20,25,36,38,39,40,42,43,44,48,49,62,67,68,71,73,74,75,87,89,91,93,94,96,99,100,103,109,111,112,125,130,136,137,138,148,152,156,161,164,165,169,170,171,172,175,179,180,182,183,186,191,192,195,205,209,214,217,221,222,227,229,231,232,240,245,254,256,258,260,264,265,267,270,274,275,279,281,291,296,299,302,303,306,310,317,318,320,321,324,326,327,332,335,336,356,357,358,361,367,368,375,377,379,381,382,390,393,396,404,405,407,409,411,413,414,415,424,425,426,434,437,439,441,449,456,467
3.2169165410654483,2.536591919523598,1.3501672627454804,2.0433802884744696,3.0400895593463324,3.469917904602714,3.3861122707782165,4.388112081989943,3.2321532378890474,2.034218989361718,2.8326948383629205,2.5813152935471493,2.833381760591908,3.133433890471156,3.0430637082964718,2.0383549317906784,2.888082243781726,2.446347588549728,2.79786221948787,2.7624341569411968,2.997557116664871,2.879474031613822,5.2079664060767366,2.67135572030413,10.523974429964001,2.9949950596212167,5.476553087956175,3.2750200255366027,1.5965442824698464,2.3330348974813524,2.7379948095558677,2.0866956685123403,1.9417986417288045,2.110622686836389,2.851446769892699,2.777460244137742,3.3491963263489364,2.361884583628572,2.868858664927806,3.4794974784255652,-1.201040536460396,2.962558653622393,1.2224427830689073,2.0151373171925875,2.435998081459514,3.4253563917282794,2.9764033343267813,3.3663387779300535,-0.18506388156913028,1.907868664786975,3.0919765058348734,2.7449282644527626,2.203956983192282,1.7306184332880035,4.276275878368839,2.587643269382417,0.36853966386752923,2.8879182843147486,3.0971686745380413,3.0740104829142636,3.2613839681683556,3.7614454034674467,2.0486580744770038,-0.11817730085787302,-1.9788440427674527,2.973807519751195,3.1289558253592777,2.9124814282401608,2.8851912967878537,4.499999980887443,4.45458687458658,2.696216864815492,3.689467078485619,1.2925136449086954,2.8165011112271063,2.873650382762205,1.191815339616301,2.9546361917701023,1.9973017194471745,3.3647694671477906,3.6790408282134797,1.811909766556446,3.8664049413892787,2.1646075857235147,11.22044693685654,1.926913732629987,1.016861797650596,3.24032276635845,3.2561592576353164,2.7336706220943596,2.500035394751223,2.946517433696315,7.9237421054056565,3.55336411253579,3.483683144819802,2.8152912300689863,2.028925068892816,2.7911029453432636,2.3043630017188157,1.2149442203342558,2.625910566912817,4.582766503265816,5.732866855579449,3.105077854252876,2.940641843366172,3.255629458062711,0.1629164861682686,3.230710982064308,1.3461672673791534,1.886641787660373,3.019869771188495,2.7315102199032495,3.7148064019404687,-1.9487302503359023,2.7526242361321884,1.8415015424768189,3.1806829454138654,2.6795053251679426,3.595707445958344,5.363393968378338,0.9946146475399164,2.7379224363521124,7.434798947723367,3.0734418726211024,1.4896791808697003,3.689481384283319,3.312777556544227,5.532809303073042,2.949454604303953,2.464074971359995,1.427931602128743,3.1077721749126583,2.8798764009808693
1.8792585462081817,1.9320342710627618,1.303977631000549,1.6908628502598295,1.4887134969767373,2.335680227488923,3.5765837221343464,1.8879936636514287,1.6762262017271257,0.9999780077842126,1.4501042994332396,1.3488689975034405,1.1680011695150356,1.8199550136496185,1.788633390264265,0.6233062181558409,-0.17048786598984678,1.562581534525144,1.3949554348730948,1.645773476718511,1.5356484053480979,1.4985197059407285,2.3377511545199665,1.2386124308750857,7.904674540514884,1.2668399547993636,2.026635893887466,1.694593965185049,1.6700440583500034,1.7390373328620932,0.9790914491686324,1.5976542489136518,1.2049509628898574,1.4522594842694794,1.239529170533854,1.4036210517091794,1.5644006862194564,1.9035150877979463,1.6128298864431163,1.0596273483726022,2.7979106355778116,1.4285621779345279,2.3508241828557583,0.8495922488958818,1.229724311700689,1.5439016183543193,1.2854869813623153,1.8167930503150802,-1.0373056367936255,1.7997507213327384,1.1467387331392516,2.4718086726088098,1.0075048851910453,1.4027234481942923,0.9999935554782535,1.9861173807295485,0.6390299239737357,1.492859294166084,1.507424273734283,1.6227016029847179,1.4467040304996939,1.2471741671900878,1.6082602739788427,2.832161623678372,5.462337431509734,1.4189687950116046,1.4176233374698937,-0.061568262478342045,1.611736625085641,4.300620836494417,1.4132077457705883,2.018031690638793,0.16453925424141455,2.000003980753663,1.529265364567477,1.909660649675621,1.6630359318289165,1.4977937217438266,1.6075802047373378,0.6356397644986717,2.0310750497429204,1.440585700838069,1.4596232199818147,2.679733646424386,0.8777189900098324,1.4422855498286449,2.2793751397611666,1.6233888823869105,1.7110268793143724,1.676577378933241,-0.1154624661325094,1.6174327912876434,1.5000120387946352,1.8462387491972985,1.225307661217541,0.7558425270143149,1.9030011148682986,1.6494375760183881,1.7015475241475406,1.0041487781967573,1.4082357332597282,2.567523842385457,4.383575423959603,0.96500121672554,1.0504912861862106,3.2848548293112025,1.63861658784741,1.8167207628092275,1.7040861754714465,2.9903185463180204,1.4153275010517294,1.7977224592317276,1.48721857425426,12.488447573117705,1.6248824868158085,1.3345073792532869,1.7697141210960157,1.471943917267018,1.383613398094945,1.328702227098096,1.5924337930554722,1.5987149422645963,5.434792180685622,1.9694710612730377,2.153875377176563,1.6559883785005434,1.679360397249075,0.6198089080797093,1.7607994654223194,0.9920611850809735,1.6741965550235856,1.4310810975723343,1.793239801952689
