20,49,58,76,82,89,99,114,117,137,148,150,151,168,177,191,196,197,209,214,253,254,259,260,274,279,297,298,315,318,324,329,330,337,339,347,358,379,389,390,391,397,403,404,408,422,425,430,431,441,445,447,457,458,460,462,464,466,468
1.5339677155968068,1.7876997652647155,1.4933026585363058,1.4572923410102239,1.589878178299905,1.6860445163374584,1.3296111788533636,1.3234688430241905,1.6961899027028524,1.1562419946068399,0.18643168634327634,1.7506514745815753,1.8531983015077416,1.27016838925833,1.4315943716917552,2.4221926756169148,1.3600574087698776,1.4353373636119764,1.4572923410102239,1.6637971721657134,1.8417844416226397,4.569320232438647,1.5427123885387812,1.5700795278400683,1.6137957491446455,1.4808301450966919,1.2637413428054498,1.6403771442704507,1.517250649750775,0.7100305097968664,1.9999925363772793,3.5641869408329745,0.6621247135834951,7.8962221006651285,1.7324685643457725,1.0279512603641257,1.629245199138979,1.7386483566601183,1.170972619889438,0.9999547630720464,0.9244405304428214,1.0205043909538711,1.2833360981436408,-5.7977821380423,2.1445784727912462,1.253165200848796,1.6829743085218571,1.7255109860096969,1.336403109648735,1.72822479272807,4.165895758108526,1.2972676409048067,1.3287675647331616,1.1456220235936556,1.350838231455907,2.040764146260159,1.7969144262651051,4.137043463903987,1.5116792431217592
3.862105703160145,2.8065423219378918,3.9439406544569575,3.719235753877304,3.0382408224944446,2.9140917314798767,3.0325121307280565,4.5516476608315966,2.1732062506994345,3.103961030268736,2.9194009184873333,3.2234057137934977,2.887283620176349,2.8200000875548015,3.026963521076438,3.698606733178047,2.6326785500475935,3.140305265951993,3.719235753877304,2.5983977727970915,3.052318103582187,2.694601786492849,3.9158912782570794,3.370217277621713,3.5203632373087173,3.072563552282321,2.887746586382316,2.401241724295958,3.229768457891837,3.5906638627888574,2.7832201141245276,3.4999781414823863,3.799093586262391,4.544757054000687,3.7347660059004726,2.2817348691841697,3.2253098678551924,3.121245571880992,3.141907906812219,4.6463522816860845,3.1837003770538743,3.2794195262859094,2.755689585248985,4.207704265180616,3.318416756717022,3.3217258694243017,3.535295052935376,2.367013197348508,3.1601029641518155,4.019052952586246,3.555094781562782,2.639731400447622,2.916025962485887,2.596511008524982,2.9347413449900346,3.6249231120650505,2.851589054756248,3.5270638005035093,3.1636323094675682
20,49,58,59,82,88,89,99,101,114,117,137,148,150,151,168,177,191,196,197,202,209,214,253,254,259,260,264,274,279,297,298,300,315,318,324,329,330,337,339,352,358,361,379,382,389,390,391,397,401,403,408,422,425,430,431,440,441,445,447,455,457,458,460,462,464,468
1.5276541423489742,2.0751745011702223,1.7553369321899104,2.6549285948512398,1.3278527612248268,0.10767645314696934,1.6086565350603619,1.3715314559370517,2.894911365321165,1.0970902268344767,1.5121048925969487,1.3862592585319202,2.4285332582552313,1.8577938767353688,1.784331486798655,3.2222574704457254,1.7583084046736448,1.4003295840482295,1.2978442467886944,1.3556895232891515,5.59232051851998,1.2323618932719405,2.2296532006028116,1.4567392553724379,3.7778295832214566,1.7093684486316687,1.2455644568985529,0.2307502584320191,1.399313230307814,1.5030987576292962,1.3755795462994698,1.3087218398987783,1.166289244979808,1.1703055460793204,1.538070630867368,2.1868999720571995,-0.48061213098578737,0.972067052697447,1.2083330274297746,0.9334374561240817,2.571659489326567,1.1724154787231913,0.7628235306570164,1.6833833899024184,-0.18725481492407114,1.6056244998765643,1.736778022936527,1.0920244459158117,0.9694206407713707,2.5345702821517895,1.3188011649684819,1.4851078606667185,1.1752253350476227,1.4733488375124058,0.7826779024941704,1.1119467500456492,1.9999742009966477,1.7560782614578858,1.4188389280600853,1.644323690329852,1.4224921878007835,1.6075251174171878,1.3734480212801303,0.820227686305248,1.3080389083253903,2.3095513536201224,1.6373600307532212
3.205653999616915,2.535415509777732,2.7848931055702426,8.002822363493319,3.4005523325763436,4.891840881915096,3.0925302837366155,3.5247282245103655,3.8224082586254102,2.785935963329494,2.7323819519909174,2.9514826345986456,2.2922267047571787,2.5199558581751678,3.373657293372344,0.6530225810118206,2.6556361233037933,3.391757296410007,2.0660733979509356,2.719046856669907,0.9476292720191586,3.0920553942238462,2.4800706437114,2.512903284141643,2.118962247333873,3.627143319386749,3.1687970984782403,2.6324442501552143,2.426654935147291,2.9733110660683537,3.29150478361446,2.4732964737042904,1.9999869305376503,3.4516668440367106,2.6124689989453236,2.3632988749146255,3.1373039802309,1.2672506330111362,3.5962221114190127,1.7375631470601625,3.023400958446653,3.072504304701313,3.5684905085873675,3.509202110055167,4.50004129256531,3.2293878560409817,2.3271949142453634,3.1988992942218664,3.09333535350979,3.376359713461319,3.2799918463588593,3.1484718459084426,3.0457935505152625,2.085160791593088,2.99999720771409,3.113622855521803,2.974109594186049,4.057911294919303,3.47719224248638,2.5275467466936146,3.083369377614101,2.844981489822485,3.1718175754698867,2.596677284375247,3.8329603540403863,1.992225770947357,1.9262072911670878
20,49,58,76,82,88,89,99,101,114,117,135,137,148,150,151,168,177,191,196,197,202,209,214,253,254,259,260,264,274,279,297,300,315,318,324,329,330,337,352,358,361,379,382,389,390,391,397,403,404,408,422,425,431,440,441,445,447,451,455,457,458,460,462,468
1.3073087579664529,1.7808353860423216,1.5893304322784483,1.8313037262429357,1.449457674755443,0.33102815894745996,1.8790816033415176,1.093306004762342,3.462432659161757,1.3645367148463028,1.4993702694283797,1.0560118964007899,1.5563824817447633,1.6812822073662812,2.1219558268106224,1.2692306006285574,1.125674441851524,1.5448416844810045,1.3880409038920147,0.7753464701683568,1.7128671917693792,1.5220254018336044,1.7059926056352435,1.3347844614272177,1.8669082417228031,1.3346271458362435,1.1164259689260303,1.4137864556040238,1.0000231798440538,1.6644266821765887,1.2511555006948694,1.30791919550505,1.304200664014863,1.695850515273897,1.1842287813687293,0.7776002824388424,-0.07833070343681352,3.9378851233655583,1.3327568615715346,1.4763383954484555,1.477871380104834,-0.6109755707515975,1.5647221281226924,-0.07620072589249313,1.594824154291715,0.11790680769715399,1.0526591644540169,1.1071201882304686,1.1993641242168978,2.428384788344344,1.7314664963889104,1.3122322531819186,1.5942584545200469,1.363085203059815,0.23078929329555808,1.2974891084821059,1.376585338100899,1.4758730432523706,1.7076732372937964,1.4043942166008316,1.87252295747166,1.2467613308235042,1.000021699810051,1.3433439535891019,1.7188287829646534
3.2092055412657388,2.40529876095228,3.086447940958875,2.9065266747772793,3.208618805222563,1.6983322512965178,2.3210467709444877,2.8625568755024235,2.8203189099692367,4.1703187850930075,2.4617878678683356,3.4942015860980558,3.353373147670071,3.504168695402068,1.4513955871582631,3.307044893440368,1.5665599310224723,2.4136002953941045,3.361987184057316,7.423948951371411,3.2463403144047116,3.0005062309971007,3.154677861026009,2.8505595157112618,2.42236783880895,3.6227747308194527,3.186468423886506,2.993946314319886,3.017990834221604,2.4215339749145794,3.1554581582626335,3.320114060642974,4.121354330188828,2.831336898414844,3.2884157829868137,1.6683359363990828,4.438071323836915,2.802896113339571,3.3991624726200156,2.5973935492408504,3.1419154483778384,3.9353713343880234,3.442222411875737,2.7888221545015783,2.030062781110537,3.1300497305733,3.033106754869892,2.9414413917392066,2.9896570540553933,4.4999991463196025,5.434276174087056,1.852395275805449,2.8355909621884914,2.739673464864436,1.9436628927934787,3.5276278042057454,3.545673248705829,2.2442539612253682,3.0140023483760188,3.498743783842907,2.471344289713355,3.514741358010979,1.4944122175929673,3.4296002609941105,2.9208015794493116
20,58,59,76,82,88,89,99,101,108,114,117,135,137,148,151,177,191,196,197,202,209,214,253,254,259,260,264,274,279,281,297,300,315,318,329,330,337,352,358,361,372,379,382,386,389,390,391,397,403,404,408,425,431,440,441,445,451,455,457,458,462,468
1.2780686284303142,1.3994214998406236,1.000024696194388,1.7727151724470473,1.229686981918597,0.9592706159693756,1.7321814134123343,1.5416346588082757,3.152239215636646,2.135853163095038,1.214656074021574,1.5875477200481594,0.9444352504488728,1.5894260142516394,1.571075524541392,1.1121655152422822,-0.10976263453792912,1.243873580510268,1.8140685411697048,1.6770753081261838,1.8324403868319914,1.9454164343710334,0.3539871092872907,1.419440669007207,1.3548984370086283,1.456068875264488,1.0828553224656716,0.37917548619194624,1.6838032266618543,1.645794161521739,1.0000237119768758,1.1901622332906359,0.14355017213713264,1.5304352800369478,1.4685829827173569,1.5515224200300417,1.5520601459019474,1.4298463281328782,1.7373912273009746,1.710575055173651,2.03152099904179,0.26373794759355407,1.6148116337092326,0.7631850048388551,3.4505576401415303,1.3978903018243827,1.2738761423805238,1.2425519626760282,1.1882448314969722,0.9376032131328385,1.5697966943849568,2.230664448155971,1.6615303098703256,1.312397149449467,1.8054758601464544,1.7122662806873727,1.1699498046305616,-0.03510021508376502,1.4518765919563963,3.002378891518888,1.6598419349818627,1.591136071734617,1.3856797290187717
2.9079917550740717,3.7023863019608108,4.033982029575224,3.152586569355971,3.786882270153064,3.7375558219693015,3.1682156407088184,2.8132161630354355,3.5315435866252476,3.4999645376925734,2.580592374222802,2.9937534362774483,2.6098190431507478,2.3012068866005104,2.5538111217872945,3.4344442805627025,2.851785944773205,3.828428456374985,1.6444719686707594,3.114989203408374,2.699694936880536,3.207644322650684,3.0493017767178388,2.0554030370835132,3.4095156896081864,2.295763084002256,3.3363870077142943,3.4894466281045666,1.98506344741365,2.8943573199175128,1.5961577463012504,3.5661839879326616,2.4999919381002984,2.4612281888600682,3.2138620538840765,3.1942355897802894,3.6377928807923774,2.129909215711301,3.155110749852616,2.9766072455728683,3.1665649827603852,3.458836878170369,3.25653714342985,3.196471705845269,4.499977682374486,2.5902805512643363,3.5933878387339115,3.0582567033674155,2.964228101038204,3.364379859681085,3.2233614146038736,1.4999828978177216,3.1241467965829988,2.3240948090014997,4.117651214849668,2.4617180331066173,3.397796008794212,4.500025823760555,2.9831471189130623,1.1834888759604238,2.90340567926671,2.8810015247286866,3.3678567660600267
2,20,39,58,59,61,76,82,88,89,99,108,114,135,137,148,151,191,197,202,209,214,225,253,254,259,260,264,274,279,297,315,318,329,330,337,341,347,358,361,372,373,376,379,382,386,389,390,391,397,403,404,408,425,431,441,445,451,455,457,458,462,468
1.6813403914031748,1.7811398935858236,0.9007560057508468,1.3916142966894358,2.215385428143712,1.5911736662180969,1.4629189353336947,1.7974114130721475,1.0977727453922217,1.837850959720563,2.5697847973905903,1.9852170203244945,-0.14675276354491595,1.8581240025512642,1.8024606907083165,1.3605231457018219,1.5314013579484118,1.6347969058277638,1.8350554365204312,2.1883522168128993,1.9978055701606958,1.3335945141635657,0.06461715671957316,1.5953954043431469,1.5416301210084287,1.2969354646060731,1.307359105900658,1.6599271108431461,1.9392530226502247,1.7616551041776178,1.7505570366590448,1.485230912015302,1.441430153611369,7.150746790857354,1.5699406758913514,1.4157153530628117,-0.1359011571195832,1.951007233972122,1.155640725344304,1.6728794682778934,1.1983085747199567,-0.9378351842065904,1.9999560135916783,1.2353059181445079,1.6734192486837114,-0.23438671020142465,1.7256691696432376,0.9999871705926078,1.3581376411657886,1.2546796227355177,1.4838865378158197,1.4738875880310225,1.584138826719617,1.5878001355384432,1.4663290788440368,2.075933859684926,1.7808938322961998,1.2826230732132724,1.346033940330014,1.9999774405852384,1.3164115004191257,1.578772370424355,1.0400779189277884
2.9139836386536313,2.5888814326485807,3.6583354960802392,3.521113698750452,2.648086316851888,4.225996946561142,2.9418409747295513,2.585131689606712,2.1289714840678533,3.078702675066565,2.0680241451734664,2.284938637961993,2.1993069825934093,1.6744773689055066,2.4226588639772255,3.9716489179033063,2.3147147740715517,2.54547922518586,3.144574771851996,2.2877736912641016,2.7999457722899748,2.9298878341915064,4.341532328480314,2.3591433991747186,3.0885546282909546,2.5470584483550547,3.8818222944852474,3.389586547579025,2.851006316580831,2.14367263356932,2.3316750750826865,2.8713070067200235,2.718310416265942,4.007494047213568,2.964664505435488,2.1650409691041554,3.500012266256898,4.18684196656797,3.5969454263602434,3.0522499572058317,3.7664882077072717,2.1971649987211963,4.500140785666273,3.738573259873518,3.680451477968133,2.099640342229624,2.601661716457725,2.79735134975781,2.9792376761453196,3.4412964994758224,3.2401663064045714,3.9992351972534896,1.5468355189893792,3.155716580705698,2.717860567102237,2.3684767174593473,2.3789959374575735,3.6732667977740157,2.8390564389308333,2.917728694924888,3.561419495608252,2.169771746341529,2.9025289672058565
10,20,58,59,61,76,82,88,99,108,114,137,148,151,166,191,197,204,209,214,223,225,253,254,259,260,264,274,279,297,315,318,329,330,341,347,358,361,370,372,376,379,382,386,389,390,391,397,403,404,415,425,431,441,445,451,455,457,458,462,468
1.0000091301949732,1.7033457423969764,1.6646634870456647,2.0681322994049562,1.7782000884901783,1.4235335510743194,1.7677390949278955,1.3824236164420736,1.5775709634758002,0.9869959437121871,1.0224111155852622,1.5687085205048712,1.1999755942124073,1.8237817398216665,1.557439092381633,1.5588440016532128,1.491432744027977,3.450648820285096,1.0159529550372224,1.4128864830498737,0.8325596534621549,0.10812120178152851,5.4579758329356505,1.1433877905381982,-0.18728554539694744,1.470427754215127,3.806459617398094,1.3664358002699872,1.760848147286993,1.842065259585245,1.3231978646173936,1.0597485124983166,1.5839178320913894,0.8009380422984895,1.3834771405097261,1.7154489651753693,1.675566364254316,2.0710944929932094,1.7267977059533106,1.419004815565662,1.9462273453221182,1.5092135087943759,2.140498033745198,1.2408221916972892,1.3900664051115337,1.7855868694646793,1.2391799717503011,1.2043573505337182,1.7481300555112802,1.5715587535718143,0.22984911116855547,1.440096771450482,2.1674606053059122,5.121669163684981,2.1539110054694275,1.0797471739836528,1.350501902705031,1.627379725587466,1.2993236335057858,1.722316646724642,1.4169671656862952
4.393676233197755,2.5084450973880053,2.5150557872808488,3.372143548671183,3.0143164410519363,3.0480804297932074,2.8562588174743144,3.142416519463688,1.6341625587047957,2.909542453043486,3.381302012643568,2.6906796726326925,3.120024620025068,2.684941484452769,3.4282150916346286,2.662434190835486,2.7868979733261368,3.499970260639092,3.5608503471545028,1.5882007996849086,4.482092909052399,2.986748038523136,-0.6885059432265156,3.4322943669023953,1.5000134628805182,2.535803537364293,3.5291032880825766,2.7674025160344575,2.562169784756953,2.4745858112330223,2.8212757992947686,2.7373491508518457,2.1819784512484723,2.121460379758778,3.0141234547153153,3.1481212708487076,2.942029853416128,2.9091314088463953,2.4362913350788284,2.7644952464698327,3.0002472450389677,2.5595675230466677,3.8617295864448753,3.6444125538082295,2.8782756870489132,3.2044933358636207,3.108193088228343,3.002041141269869,2.3823604859288343,2.8033372324087935,3.874772427288506,2.5183287189953143,1.4921492751485115,2.1113410541232267,2.080842826045163,2.9733089790754423,3.353950321290429,2.7717993881437657,3.116165689893754,2.9354813469254015,3.8209475824135763
8,10,20,39,57,58,59,61,76,82,88,108,114,130,137,148,151,166,191,194,197,204,209,214,223,225,243,253,254,260,264,274,279,282,297,314,315,318,330,341,347,353,358,370,372,376,379,382,386,389,390,391,397,403,404,415,425,428,432,433,439,445,449,451,455,458,462,468
1.1633645306651095,0.9999732608232357,1.5830195710995114,1.4945448995370771,1.25947426604076,1.669052344918474,-0.35263973455733166,1.8657273412988777,1.1481453699143587,1.5102570004615568,1.644384837726796,1.7286924592001713,1.5486079645106527,1.9999657671089897,2.3970006363086225,1.6258866481095948,1.6149631084691694,0.8325714632869355,1.6936080333539956,4.830056086056657,1.4793615562998474,1.527003959645986,1.2766860272346061,1.0074975596623623,0.2940179579366441,1.5303397945405763,2.2343033698880808,-0.32637892683355596,0.6605962038368383,1.5976770032685437,0.3673705651557907,1.2385204747559064,1.6151631892813123,1.9999914293756293,1.5900802615099265,1.570734485185021,1.5898189908228815,0.49003232007842185,1.5302592286616075,3.1872066470711666,1.6149025933918026,1.766418957472263,1.438461654890923,2.265950019361831,1.5322176786688266,0.8270539840207799,1.616455694337323,0.987877765216369,1.5426333172140758,1.3744572725712167,0.41502994511940505,1.140910478600495,0.5457501532034336,1.3299110309671893,1.8716102909920318,1.4236501600587763,1.5126696728775308,1.1689190007371701,1.4076257210704208,3.159664360874846,1.517612469276795,2.0897030280809794,1.2749991986073455,1.3930011695302864,1.3407864537125866,1.365818508406766,1.5735687747390226,1.4787789429660192
3.819141121489026,2.27660026650977,2.4740773280753556,2.2771511123604697,3.353952697555498,2.594664632668767,3.4324263140922975,1.8574127191886542,3.2162696945271496,2.444216196444075,3.0049818797879357,3.0640621619955333,3.322067902698711,3.2269625250879965,2.2539880410040714,2.31137627864212,2.8984802640124006,3.975504042519611,2.533695369275673,3.8408485009576774,2.876536601275463,2.7529653068452338,3.012100506933451,3.0389777182777333,0.9932225493571667,2.5618219485403415,3.900323120526953,4.500031386634578,3.035894847538916,2.7087991131203113,2.677172384519512,3.193805168534934,2.6624588239311198,1.7579306464809505,2.815515768549827,2.3604549773777714,3.2366925468140177,3.1539518975228833,3.0235893037357413,1.499972557473961,2.7022708368585535,3.8015904603498996,3.1620114610737318,3.2810845951623837,2.083253912900386,2.5989980073871584,2.471111605714395,2.9639892248178406,3.1308450184137233,2.5332449076861314,2.7453046753986565,2.761514995237995,2.5976713767558244,2.650250048790925,2.329916425746963,3.5827762138679393,3.564491957819008,3.1114815532432063,2.8280064645353065,2.9175580635975744,2.2102889434014696,2.175523505151837,3.2949729698236894,3.1601063679862675,2.1730484343261405,3.1792086883149695,2.3033497953309485,2.949752671734183
7,10,20,24,26,29,39,41,54,57,58,59,68,76,78,82,88,108,114,127,131,137,143,148,151,166,175,191,197,204,209,214,223,225,243,253,254,260,264,269,274,279,282,297,300,302,308,315,316,318,330,332,347,353,358,376,379,382,384,386,389,390,391,397,403,404,405,415,425,426,428,432,439,449,450,451,458,461,468
1.2732431216611202,12.58604211199848,1.470391267901028,1.8363024842105231,0.28953961261528066,1.2600210562432064,1.4533285844240256,1.9150019029590202,0.9999600011737976,1.1877095168158394,1.4894084677029418,1.6566797263700814,1.0000315632797285,1.3829307681324141,1.0000264672854486,1.2081818024129158,1.2531825431315073,0.22990485939928498,1.3016113981621524,1.0000557131582033,1.3950022933140027,2.554102452045396,1.0000049993406834,0.9658098101103627,1.7428463888511199,1.2663363257011624,0.999954312812401,1.5206833496325758,1.3759497141829398,1.5180130910161507,3.0350596539276093,0.43123160438061536,1.5587716433810113,1.056873805922738,1.6789853347854713,0.9999957107641777,1.3348974131752092,1.719367946279692,1.2065570091639322,1.1452272372798216,1.3421397194380822,1.3982477896636905,3.2343418838361626,1.8961365310171097,1.637281917028461,1.5251426823982526,1.442395872836135,1.3896402307548095,1.2537473528280763,1.1875190687756296,1.4216139138722705,1.309191593706745,0.8457286032349469,2.3545168520706756,1.5172582964448593,1.1635044095268547,1.7524624729818103,1.3368046177150066,1.6831680110577372,1.8674776632127281,-0.2899737214831277,1.46304039256853,1.111971372790057,1.4254457157002487,1.3075917760401903,1.9999769601223938,0.9931851804865537,1.4756669685348842,1.3237754599160971,0.6094006587159131,1.2082133110767894,2.971242243213269,-0.827128032295597,0.5844628773831331,1.533222288960665,1.1411157903666957,1.3384173081712842,1.6656367833208203,1.2635176363814575
2.92410120707991,-3.006182029348687,2.4315476097227466,2.7894334764241493,2.8682180190316386,3.194638176952973,3.404064727759635,1.9066689948085709,4.5048939951741325,1.6159006935500109,2.941420517248125,2.515551729560193,3.5961608403660246,2.9634409204222756,3.5471103702812785,2.221323205807716,3.424046722615601,3.4423460930716314,3.3150102771545686,3.6038623477492147,2.4852006350752545,-0.147402084502067,3.5354771834684353,3.318818619756702,2.3686877231154275,3.4513974359676682,2.162880825789762,2.5333432902245008,2.8756454664550866,3.426287632727909,3.3091889974828943,2.347363651952726,3.9555314776725163,3.770754225151731,3.5482052114876286,1.8621799217729478,3.2694492358129286,2.8903034925274276,3.9128188357324616,3.3586665146178536,2.2811941512021745,2.000024174428752,2.099663817295481,2.947031715049593,2.774580090744868,2.965417781349675,3.823188385148761,2.8801900229436046,2.9684241718204203,3.023614502966395,3.2173969599931604,2.297740916146872,3.855013781525395,2.443135499859536,3.3964815700567903,3.7644112665710106,3.085620823059772,3.1491537875228413,3.3441076462469796,1.4262929124626347,3.1542707123011238,3.5759251252326747,2.915191954849309,3.3654830765021284,2.80222124389866,1.9307590150645393,2.936518600950298,2.424814413371563,3.1392979648173887,3.2627121579926657,2.7596965051405826,4.054583640271961,3.2269983147636245,3.9458984827883956,4.461139106242266,3.2211968386988716,3.3545746508293166,3.9229518705789506,3.0365941788939903
20,28,39,41,54,58,59,71,76,82,88,89,108,114,143,145,148,151,152,153,166,191,196,197,204,209,214,223,225,236,243,254,260,264,269,274,277,282,297,300,302,308,314,315,318,330,332,347,353,358,366,370,376,379,382,390,391,397,403,415,425,428,432,439,448,449,450,451,458,468
1.9037583760579824,2.7422575400552023,1.0818379055853327,1.8865344090220493,1.5809562806033606,1.5921716595129034,1.2499277603936916,2.759769308745139,1.8480455352801872,2.282862159687715,1.4658088033339385,1.3031852120199932,0.9061106961565266,1.2720953198484182,1.0000003933279982,1.3624760961939941,1.3562756343441715,3.1370647458698206,0.9999812215931058,1.999973984303498,2.002761938086305,1.3530892050806176,2.2770448248741553,1.3541514007043136,0.9895546205387487,1.5067117711517855,1.6519679318869382,1.2377220677826373,1.284894461667105,1.238762808204906,0.6768115712956373,0.9625029732046313,1.655709207970518,1.5465916667680073,1.1297008475353891,1.3254156661613763,2.159674101399709,1.350706972659058,1.713873219019058,1.3391739876415811,2.037174242486212,1.9999479110153715,2.3619865619149785,1.6865464533768475,1.4520471427051813,1.6019666506443764,1.2257405695025496,1.1684702697068066,1.453891120913247,1.856643037243047,1.030696800329432,2.4657468530529227,1.7510050747920567,1.9806463374500938,1.256530645947056,1.722384288791279,1.5485036286119291,1.6181374673828446,1.1182898448458651,2.4736599133128823,1.487649255709427,1.3353699228783262,1.9999739141961599,1.5309566793335199,1.1122642871553385,1.1147972339575714,1.3123562765516081,1.3686876227217073,1.4534165484007713,1.564388093789446
3.3884114686315474,3.9556448706589276,3.6306969820189234,3.5317178204814366,1.5000435230326676,2.144730617906818,3.214591268836093,3.833618843215933,2.688171157848573,2.283172703025912,3.0955397164255296,4.000045617367792,2.7370927923736716,3.2981217266282843,3.059142960996625,4.409644505111945,3.142147775691196,2.313868559309601,4.069240357796224,3.6038644913672995,1.7889613606938024,2.655867327373161,2.7032467887533684,3.326617010953503,3.199580755942949,3.0882057007011463,2.6171645827639867,3.0557369373170173,3.1369769416817785,1.5817604378782222,3.5954235715220326,3.2988366850906514,2.6028141753181835,2.9763697977835992,2.895104180042978,3.4569379836879617,4.082447846979127,3.4418012998227074,3.045001810500287,2.698350637929903,1.2184011392030365,1.2121938540984813,3.8012974424784813,2.920317192425705,3.6061418969109384,3.3450827034362316,3.5471892591171517,2.9751597797556544,3.5496774970106055,2.903098828219168,3.8511758948142636,4.4999894078374165,2.9832928030814125,2.6521612040602704,2.918275208727339,3.115316576644293,3.06492513738387,3.300576171656138,2.6729262572901025,1.79431649335821,2.725581246207878,3.7757676009306427,3.0711825161780606,2.8779562510316525,3.336616832502325,3.28604437956786,3.4115244018761968,3.3105279773906378,3.662915848065892,2.842613774936981
10,15,20,28,39,41,43,54,58,59,64,76,82,88,89,101,114,123,130,143,145,148,151,153,191,197,204,209,214,223,225,243,254,260,264,269,274,277,282,290,292,297,300,314,315,318,322,330,332,342,347,353,358,366,376,379,382,390,391,397,403,425,428,432,439,448,449,450,451,458,468
-0.9810785472260726,1.9999506707745272,0.9999783576702411,1.5245742629474703,1.6692544347398772,1.1272406245409279,1.3168243828521708,1.2618850458169666,-0.47371609130490544,1.1872703838452234,1.0000377195991708,1.8650371732589215,3.5473268611089996,1.5054805935477864,2.11515226174295,2.607961865575591,1.428535819596278,-0.18725481492407114,2.5291225734233227,1.2591291276204606,1.7920832454923277,1.1844116605695838,3.9807752586367062,2.829684686056993,1.4520788980664379,1.2166384565374762,1.1614916772043766,1.5073111672633175,1.7090534715325343,1.5219561677640994,1.3000840477071935,1.3539964320507467,1.2412204370449085,1.3190245056694119,1.429375011171803,0.887671320506292,3.3926766170984948,1.0000113841310037,1.3163535951031937,1.059843459276883,1.9999791175860673,1.8577782770101896,1.6874069414786592,3.2563409547604083,1.5479121252565569,1.746491193913375,0.7219036674217332,1.9685382898213875,1.1952200666998762,-0.8251648023193798,1.3684173715395347,0.9780979065862537,1.4451321404133126,-0.15644831916264107,1.4229276320138384,2.121876350532892,1.275734263805735,2.4391347758576067,1.328969168289665,1.8444580007817364,1.3936702608916582,0.8599427523674594,1.693849787672442,2.792678804938788,2.0000296183270168,1.1029343731164118,1.3466576364170035,1.1599214990575633,1.6018204213861473,1.8109664717811156,0.940038301412306
2.6402952963166193,1.6466229011148266,1.6867195914556834,3.5782619233008566,3.3836449798513915,3.0620090230476924,3.612933161427369,3.3569975495297744,3.6488487840272725,2.901476904884693,3.382444300645493,2.913063652186209,2.371690993188456,2.5422211764458282,2.1917634147759872,2.793290136468403,3.608163632975498,4.50004129256531,3.7014639166944887,3.5050250623093655,2.2017039681615294,3.249194606173368,2.048206707010269,4.029519746455989,1.8486284120081402,4.005776952260658,3.501844916094751,3.1702351971504505,3.3151556563107,3.9560998548892896,3.1700488872244725,3.4267727278261613,3.619954214047035,2.513167438799443,3.408280643617414,3.6595897726297726,2.9836382924023126,3.5021598962504097,2.2220519022244973,3.1971834963227215,3.727617566338937,1.938542504214352,3.890877448804564,2.272953432724094,2.431853710023159,2.2101789900459394,3.5245482935075043,3.3807835300832942,2.5696264597387404,4.500018837633399,3.75907574843351,2.5972730705391025,3.0899473391662537,2.1538603190166326,3.0475810235506238,1.489684837140294,3.126260971705305,3.2310411885884887,2.7495826008667263,2.380927251871478,3.060473057221476,3.431950835805239,2.2180141917235825,1.0060895449098368,3.9057696517936913,3.7961651612438763,2.409610698547981,3.2936007097369067,2.2419319263575916,2.367541129091845,3.7193072944866383
15,28,39,41,43,54,58,59,64,71,72,76,88,89,101,106,108,114,115,123,130,143,148,151,152,153,197,204,209,214,223,225,234,243,253,254,260,264,269,274,277,282,290,292,297,300,315,318,322,323,330,332,342,347,353,358,370,376,382,389,390,391,397,403,421,423,424,425,437,439,448,449,450,451,458,468
1.193361893984334,1.1606186689709783,1.582819541747582,1.2497643311966162,1.475061389612075,1.7435420960696386,1.6533960512752826,1.7794166194165877,1.3390999008098206,1.6572433837110503,-0.1359011571195832,1.9199168420439232,1.5179159795822939,1.5702802032636605,0.8403600952682226,1.999979015890685,1.403654326441113,1.6898304711967076,1.999956872690459,1.3705104398607733,1.7880404896882909,1.1698804274655767,1.7390285929714353,0.4684309791292196,0.6471529766847677,0.7172620223696011,1.4128570026900902,1.5980523905643533,1.0889597748603101,1.8179056026224596,1.4492293273166006,1.5434146334309602,1.3594247137511526,1.3106744212575592,2.00001409944187,1.4622728691994675,3.0946651615555076,1.5717763960389255,1.1641822896684353,1.6334118627994985,1.4771429615814367,1.3966662135437105,1.3695720735024042,1.5532546493691992,4.991206128418554,1.620706327175783,1.1741735715895194,1.7038454619815702,1.2688650909203356,0.41627719224375936,1.764226259177331,1.9999658012526167,1.4619633647652774,1.496387219225387,0.8049089332596168,1.5583141190375365,1.2630380777964283,1.7458312029668088,1.412846521642877,2.7612230996093734,1.5545042809702565,1.2028750968343243,1.7087483831464283,1.4662065742815633,1.4414759585475538,1.4488028496816683,-1.0461991072638859,1.4538206163748792,1.620621576838161,0.8199695292847587,1.2108331879201448,1.484219814739614,1.7211219877529396,1.8229709756319927,1.505797317210543,1.3238160061037356
3.7199634159302253,3.1939390195624537,3.425907929370772,3.2627363874753597,3.5057710386603236,3.1322385226817087,2.6945384038529876,3.949416019347629,3.400604905442972,3.4806279131730165,3.500012266256898,2.7165769383220786,2.804198006180831,3.5727921300349577,4.082434778044885,2.646633894546709,3.025979385244317,2.4963426470732553,3.0337684794928474,3.6099452662750084,3.5867050238017177,3.5344297121325376,3.4157894896798178,1.8478275079749746,4.387605787800773,1.612395841551265,3.6617684146841114,2.5003894544481886,3.1616062384706316,1.9589671969422817,2.9847909726622786,2.8566518517055357,4.500044007740121,3.3470226254655264,3.3365570280388237,2.36454879732978,2.563585004942665,2.9440485756535004,3.038249402622385,2.969926363932037,4.196268896338131,1.729507592168392,3.6168151057634597,2.655960096611893,1.5000226016233298,3.5536851264343743,3.0821804437769034,2.728256904406504,2.735054930700993,4.411529522545198,3.2116448679673244,2.5419556558254457,2.8990207591209023,2.8143357943519747,4.3410930899334765,3.2940406641336777,4.390476124567924,2.898860535175136,2.825053010825446,4.418234790935157,3.2629462371270757,3.2341535751580754,2.977040190285151,2.8102068405131067,3.542735528249925,2.8479156874448632,3.657750813162221,3.594607826001024,2.5204601320568187,3.4003737356542283,2.427025628422961,2.3245838476804312,3.4270326786457517,2.256040698711793,2.5193808004256004,3.3084102559682993
10,15,28,39,41,43,51,54,59,64,71,72,88,101,103,108,114,115,123,130,143,148,151,152,153,172,197,204,209,211,214,223,225,243,254,260,264,269,274,277,290,292,293,297,300,305,315,318,322,323,330,332,347,350,353,358,370,376,382,389,390,391,397,403,416,421,423,424,425,434,439,440,448,450,451,458,468
1.1690083268552467,1.3148711290440585,1.0701708697880354,1.6303018136744338,0.9055584099575114,1.5307473294524367,2.5057850037758795,1.4254154280947766,1.6026073851687128,-0.9047221180488751,3.930608143111994,0.7690849928226973,1.6474862032034991,1.0472731816941265,1.1181170338416373,0.9390568288319547,1.717794923844676,2.818823141729369,0.9876124178231229,1.690861878523585,1.5825931423540265,1.3146318253527454,1.561423026939295,1.5444838073006124,1.4298192450204175,3.234362517901138,1.6268127342371894,1.7895460308678257,1.1839008643303446,1.0000038330282162,0.8594139405340946,1.5779545003746163,1.5254821445323898,1.6640057797144925,1.743222541909569,2.0421076690572875,1.3390792473945718,1.1327354648702883,1.697948657195087,1.2768819857880345,1.5528575398431326,1.5716448450076026,0.39196653210704047,1.962077034714878,1.5568579668940665,1.0398210239419772,1.160504891379773,1.6666073308115488,1.3505910068328961,2.935388516139021,1.655336474609008,-0.34832461414399074,1.910002613402983,1.2860142275830264,1.5071986520252065,1.5202777075666773,1.2769459001948653,1.6828274347908514,1.661630373901308,5.127698405112357,1.282633822916474,1.6343833410392317,1.257009054141304,1.5319998514817819,1.1662476986685055,3.773691360043002,0.08791701912863943,0.9388400644005899,1.6758248012492496,0.9999821786643158,1.3801419628965772,2.000033252613651,2.0000290894302406,1.6993228232238997,2.2829964316369504,1.366030506794346,1.5818853091855622
3.360457146747591,3.1970733290542572,3.3454433099061798,2.2433854890662293,2.5345607948764624,2.9260417392596256,4.301936902700179,3.3060888388219833,2.1568074297383903,2.6022414572866324,3.158838493789927,2.640632621536306,3.190461986017608,3.4282179127142536,3.7702533737101898,1.457853374701567,2.5612279747405773,2.30436826350937,3.1684923177026434,3.2138801235664203,3.0240148089605525,3.6663828861854406,3.8018420954708447,3.4587762627078726,4.3129704297223785,3.9003394261727635,2.400445303542013,2.252390398514456,2.9765552106333226,3.465987056759096,3.6090498808366798,3.8054885805885537,3.247297088493543,2.3820851607036064,2.431772378354272,2.324094659190166,3.425840512043016,3.8140264790617104,2.061409940293496,2.776696098032684,2.869711138622794,2.9252279326130854,3.7933589707245874,2.1599837715830947,2.936603725517444,4.453996013740492,2.845096387895749,2.4619752968798534,2.707851669321945,1.5000112467306346,3.243520932456982,3.237292932924931,2.9993380428986685,3.9037655355576226,3.464813936316606,3.079229544954207,3.1154233604782466,2.984750464158147,1.8917816276904902,3.141529050477781,3.265360352287014,3.089221171227103,3.3225243085195304,3.0311488849505093,3.8238987101222035,4.194577334994766,4.347403930504098,3.388950859575526,3.298128956349708,3.917379289590608,3.776458140626657,4.166888005552002,1.9935934317447712,3.3614706970517156,-2.061725021139777,2.741418217251754,2.5169561520138597
10,15,28,39,41,43,51,54,59,71,88,101,108,114,123,130,136,143,148,151,152,153,193,197,209,211,214,219,223,225,234,243,254,260,264,269,274,277,290,292,293,300,305,315,318,322,330,347,350,353,358,370,376,379,388,389,390,391,397,403,416,423,424,425,434,439,440,448,450,451,453,458,468
0.6893365156350151,1.0586965760611178,1.609246339187226,2.94177375106001,2.362808213344612,1.5561084586485687,3.133779003164233,1.469588036657591,1.6419553109458742,1.6236017036647572,1.7445490508881156,1.0749419900500747,1.3450457970006096,1.72799557554359,1.2875775139180279,1.93974676397632,5.303019919895681,1.411943336847361,1.5496984211153997,3.9503409774440867,1.2284093654163926,1.306208973896222,5.070831910550343,1.8714194110572144,1.2834892930358075,0.2940776144628243,1.2410299441256099,1.0000169461429738,1.4709235841246147,0.9305050276527682,1.4435973662822277,1.383519068168845,0.8044161150264998,5.987954056740941,1.6470210980961708,1.4151654903767463,1.0000103439117596,1.036830516399705,1.2051203351466313,3.2770276800289206,-2.127744014648516,1.4918471283198698,0.8939281763587443,1.1806873046383601,2.069468423369414,2.086949774872281,1.5145387678546727,1.6359520192190882,1.1466304973376467,1.19445927221431,1.2963393160590595,1.550668862002877,1.1576767984506562,1.8851596475436059,1.2230512895549985,6.246986590575899,1.5920171210626035,1.793568191759829,1.3638451206072228,1.4709986736949547,2.4958406487279863,1.000012587593998,1.4526427622687068,2.792224080307633,1.0000283230204412,1.46923447864433,1.5324277722736956,1.682461649526319,1.71550922797362,1.5624407871886359,2.8793411303883856,1.7234040322584674,1.820994664313363
3.9488204293041322,2.5619538658251146,3.2031953865740306,2.1913052769470847,2.461304527350448,1.8377308366075895,3.873360006669089,2.9008865582498435,2.6549168809089307,2.2103255716161123,2.1834174877955776,2.875927396232626,3.1250621991130005,2.5777364051330367,3.0396549270773114,1.9996013361670535,4.499972451826628,2.3553150401818637,3.431867036078292,2.4348827305805765,3.560231994937042,3.2965604852153145,3.976769408980455,1.955868683190273,3.267709777801199,3.760687103463152,3.014263673317788,2.9082292468531623,3.0926069773722817,1.7963870329514355,4.1678525184643,2.3163790585939146,2.276726527368472,4.499986059139707,2.6230929137246957,3.820699247853912,3.1528663026380435,2.9261020040550063,2.7510017962054603,3.2967544503541855,3.879097917976244,3.297356750628965,2.7242041460646487,2.897159908073089,3.1288728398661885,2.722382194276592,3.3740974398257517,2.3638072867916824,1.8680327151130385,3.1796027849043815,3.262927560677297,3.3527931696317697,3.615050030767388,3.814297086152107,2.5988389108081824,-1.1794217883013962,3.0592627720500367,2.791147241416446,3.560438329534927,2.870960783991612,2.316747742707136,3.002203189621851,3.0506640450322804,3.2304062354117513,2.318747910359923,3.145438805163365,2.9164156810094233,2.5546990200097435,2.6965003975768034,3.242883602252151,3.8105778293011636,2.1740606067323154,2.509579433031256
10,15,22,28,41,43,45,51,54,59,64,82,88,89,101,106,108,123,136,143,148,152,153,193,197,209,211,214,219,223,225,227,234,243,254,260,264,269,274,277,290,292,297,300,305,315,318,322,330,347,353,358,370,376,390,391,397,403,423,424,425,434,439,440,448,450,453,458,468
1.1789016924064404,1.1519958909571293,3.907478353696141,1.92352111111938,1.2076269276794647,1.4785661336129148,1.5215681140104125,2.015870927044234,1.5000701125759002,2.40856600753672,1.5702802032636605,5.1277430885845146,1.3854753280890866,1.0000318298342887,1.791482764397923,1.9999991892467215,1.5783576114129734,1.88549109514221,2.4918165917404247,2.2133375481441764,1.6374757935925546,1.6139841285906031,1.4939368707516127,1.445294525302237,1.872093870510314,1.149778477894014,1.7092927117289307,1.3806656654884768,1.3989329690865602,1.5319617884315515,1.5904986460203985,1.0000285005529226,1.4409121486930547,2.553369186580455,3.2563409547604083,2.7701661463602205,1.6075832922019704,1.695067489997172,1.634890505346102,1.4334549077775094,1.4345346519292241,1.393249862193241,1.138379633583416,1.6098516832691354,1.1235346307804286,1.0975313780290685,1.9626981681816953,2.4283501729141213,1.2465782072043745,1.8950549250642021,1.7638333816038219,1.6068809036267844,1.2333037810356247,1.5669032618245602,1.4970394538640408,1.6833348312877554,1.078456463943615,1.6643323611402616,1.296449233542574,1.461521238158087,1.5229392678794225,2.083752628757028,1.6886699650388377,1.8595497145190811,3.8251742995656124,1.7593447116323264,1.7639408890832935,1.5290808273622458,1.2739403103329772
3.5053670667568553,2.5150691913866847,3.4829209536076107,3.3807796644363233,2.4202136805366306,2.0143890919427934,4.18322017770643,4.854822825551434,2.8547961831222466,2.449611283190987,3.5727921300349577,2.9793203362051024,3.2222964488425827,3.2115316076288645,3.7598796882162913,3.527684111761201,3.367651598382992,2.5265564725936827,4.164082303162706,2.630323545210096,2.40327006383084,3.2602220776303783,1.687137079669558,2.6324378602355805,2.7233614690754573,3.364795754086167,3.3689229750273912,2.2291305004101227,3.4406505234899987,2.5332896013604147,2.999960266832714,1.6466315287076378,2.981897891372053,2.1709129659729687,2.272953432724094,2.3952714669040684,3.4978700362140716,3.4042835435696643,2.6881684035626314,2.728567437717523,1.7794421491064973,3.2932080848522376,2.4657700533788933,2.768153942724224,3.3171106324898965,2.826529264749177,3.1271266056176694,1.499989337914923,3.4748152301624238,3.008587018985308,2.6940320188254856,2.189203227164615,3.2826961414702387,3.211131146280038,3.3118194563758974,2.9504418900823794,3.6220202308495204,3.0886308421798327,3.188336161834566,2.8995380920360336,3.4323879335987155,2.6772565229673218,2.3665793101543655,4.6158428627964785,1.4999998245013018,2.635604402852758,2.6549776073817113,3.4396033865321995,2.187451815328971
7,8,12,20,24,29,39,57,58,61,76,82,88,91,114,131,133,137,148,151,164,166,191,197,209,212,223,225,230,236,243,249,251,253,254,255,260,274,279,297,302,313,314,315,316,318,319,330,341,344,347,351,358,379,386,390,391,393,397,403,404,415,428,433,436,449,451,458,461,462,468
2.780785630497326,1.0000146258851244,2.664519528489981,1.8037548174093199,1.277500704736088,1.926613193486531,2.762915868347693,1.998132610715087,2.625131796308702,1.9684079917024333,2.5963216288195787,1.531138457150941,2.5330391317432657,2.8910733353655687,2.8706866410895526,2.699666919810811,1.1206606406359412,2.5435230507094753,2.1321035353709563,1.9450013461825568,0.4182171843911808,2.772864402109724,2.0459177028129356,2.055221552181747,2.0501303562385287,2.479914583268336,1.3890242004748141,1.5203621491762367,1.926041366534564,1.5246180573497337,2.5752855774629486,2.045124622774707,2.000000847859895,2.2414493467079435,2.0287544678550216,2.8561703117437602,2.660455270697928,1.8483415507416172,2.095759701666034,2.128112084198916,2.5400701835923614,2.8088858833791233,3.202599987697922,2.1912680422535757,2.3748136250402387,2.6567511959562045,2.790432259822712,0.9334422504842956,2.6663909798389067,0.016382176031875757,2.0824452914015126,2.5852093717227183,1.7240479224612204,2.145838947868328,2.948865019036359,1.7502710016606295,1.3833623108236046,3.6424171243883827,-3.6705491149022698,2.719413529032781,2.2997744047393263,2.4143201340379923,2.0675740760827703,2.3930165213327563,2.8711422647859637,3.536969665066493,2.3618165710444385,2.3118274942346497,2.2836353571845143,1.7101141703077811,2.1209898081858896
2.638873917389929,1.3718927662938627,1.8272944314880863,2.918689109668047,2.730901636815055,2.668013720633131,2.597521432325925,2.4776769805706635,2.3725731668089614,2.135314776169686,3.011475799022329,2.7339230723935573,2.81294965606285,3.0000054005904158,2.583001557529714,3.701828255653944,2.1893454322061836,3.0836793107558016,2.2513555802122354,2.5056385171235727,1.5011943386092863,2.844026657342466,2.5921398526653303,2.27128620354029,1.764348923740049,2.618214860599262,3.260317197205644,2.3328033383087607,1.9260006302448904,1.499966611294369,3.608844104449714,1.4999561920686002,2.5001270217128386,2.587894671363385,2.9298300431128474,2.3387707849822883,2.08551131993974,2.809831517011851,2.1976287622564605,2.4531017780572477,2.905372335473069,2.1653983801867644,1.9558046855062616,2.8785640756636166,2.6579806555281484,2.3519865799982873,2.6233966761298317,2.1594268707903996,2.3619911108118963,2.491813639590214,2.1738608510851734,2.8559734368635032,2.3552638471167997,2.2682098950853016,2.741130297822269,3.3180682006368967,2.0239415131350027,1.2865300433406028,2.9759399719682182,2.4249822173454696,2.3167877746848022,3.0777671765692514,2.3652770986451195,2.1141681230203893,2.7534370848198577,2.538907041283838,2.5098707479497815,2.6173489859104553,2.288742483711558,2.8073579964057007,2.2425805104105954
4,7,8,12,20,29,39,40,42,50,57,58,76,78,82,88,91,114,119,131,133,137,148,151,164,166,189,191,197,212,225,226,230,236,249,254,260,265,274,279,286,297,302,306,313,314,315,316,318,319,331,341,343,344,347,358,369,379,386,393,403,404,415,428,433,436,442,449,451,458,461,467,468
2.7784477292259324,3.886351648399077,2.8505644703473063,2.043753493183792,2.2531834960494384,2.7253540891442727,2.3346141325521392,5.348303683648186,-0.2899006221599888,2.7141589164079365,6.138003198729121,2.2247067662053035,2.5102626324082244,3.3766633626729377,2.3423863631537825,2.61632924968431,6.154016999453459,2.1579388159912494,5.348303683648186,2.6104764327210193,2.009871455719307,2.7597523334042924,1.6044797710186294,2.540009470245363,4.332954380826326,2.2493117395419193,2.6433072368598562,2.775546021989853,3.4858889411955634,2.741435633803503,2.2870701309713315,-1.7237446306436301,2.4141362951430665,2.317824738930873,2.095996143847046,2.211060677223545,2.708511100182289,3.1491062302755695,1.8052127037656702,2.373736120989963,2.0534821416804756,2.258435940097109,2.29219433578527,2.7480107233695694,2.667656875275715,3.0605979050159258,2.6891830704893422,2.7556427672974313,2.4927078227869197,2.407169570503939,2.6972976580211974,2.5246679441759126,4.184183050350342,3.574841268467304,1.748736013361032,1.7946173921047293,3.9521051569116104,2.0813313320657287,2.3189295753174335,2.642041304138296,2.3144955294715217,1.8252027503036026,2.547254521002613,2.1023098532328395,2.3131965664974183,1.9674345879320194,2.6441603516492864,3.4935721661958667,2.284374506612792,2.241651476486353,3.1537367436845862,6.843246004125903,-0.2313618942133167
3.367650141235777,3.4836956080445596,2.694777598032213,2.572348930216115,2.9649588022785167,3.2501545903743247,2.5864774305707026,2.3441291851783266,2.8457279770825377,2.482301584967681,1.2880488893881799,2.7349002069672896,2.8443770247108384,1.9478103475319992,2.4431160225668567,2.8808859927983788,2.7192979481170667,2.382083059999788,2.3441291851783266,3.0860420035161984,2.7724546483488974,2.83359648048041,1.4171984088622693,2.5707956653318167,1.8469322031624547,2.4020601576470515,1.9435146134204127,2.5683944432852055,2.6129206641937976,3.7408954180325242,2.3694577977553832,2.9434495148208613,3.2282840766427525,2.4188454672672313,2.351976345448543,2.5639706259168156,2.5239036467615037,2.6692927662531973,2.3729921553098503,3.070206930594809,2.821632409612539,2.7442764689535415,3.2624841966387335,3.07488912969989,2.5405826299978713,2.8699686784613356,2.829828518774293,3.018642239808112,2.720207414748724,3.303014126267158,2.2324812581542126,2.402035988062076,2.8665981600484916,6.777732757561628,2.5873087638211025,1.5513587172213839,2.8600569803622964,2.619689812504798,2.6728716616954555,2.011031030304569,2.5036649790753387,2.63703028227975,3.1976519280344426,2.9563501219697708,2.7765574494352787,2.36683116892881,2.4564012763864773,2.981367845499728,2.448642888512379,2.4922012675876104,2.907076134315762,1.8680308706952662,2.8237838632759136
4,7,8,12,20,29,39,42,50,53,55,57,58,60,69,76,78,82,88,92,110,114,119,125,131,132,134,142,151,164,166,173,186,189,192,197,203,212,236,238,249,254,260,265,286,288,289,296,297,302,304,306,308,313,314,315,316,318,319,331,344,347,355,358,369,375,379,383,386,393,403,404,413,415,433,436,442,449,451,458,461,467
3.0451973660152234,1.8495190949931724,2.9740935329204277,2.3395682289602036,2.098378874072889,3.00431550606106,2.5252148407767683,0.9999944171801586,2.37081073829545,2.1311967998069328,3.527686844553137,2.5156398534923308,2.322276075092235,5.525461036161855,2.9503661957375185,2.536719966017184,2.044738122481311,2.4292032009653433,2.5428122353928098,2.608415581403513,10.641979982971613,2.635147069549295,2.190665221541172,2.6555518057562195,3.1423416262289514,2.823646796022686,3.0128053001341604,3.298042754139672,1.8532237797392788,2.205403433050357,2.55008768826261,2.8740475957663705,3.527538555343029,2.056863517673521,1.5966121524014847,3.999960442285625,1.748040352511174,2.9970819701632543,3.0773404366916255,2.9278422587653643,2.481702071164773,2.280083866062279,2.2494582392007816,2.5761029463226714,2.299007488529102,2.856966065472049,3.0000288566712348,2.5140725412701874,2.4591934365174346,2.376562014512409,2.2714566012992465,2.3516755514090306,2.554996369587106,2.7274267675699657,1.3763930425756319,2.3841702096550117,2.774584701656991,2.911738254081955,2.691617838821532,3.5034489761212892,3.399628941880774,2.246832008098936,3.196668855920424,2.2185160473275682,2.4122859276897235,3.6792305689199214,2.261566883417231,9.660418329120642,1.9513291330393776,3.0475157503091426,2.4985982849002317,2.080194054274096,2.7286364732135047,2.700434231568365,2.626048709989587,1.8989432759513254,2.857031494313614,2.703748072925981,2.374338525105194,2.4509051911022803,3.277861786821232,2.443970713505156
2.0376670495978084,3.0179095922188903,2.4076233990276243,2.689542578565799,2.3859324970331652,3.490098566347257,2.2561187228278614,1.6980618867478765,2.5907942376232937,2.226229395974868,2.3560359951242953,2.0291831774947937,2.6004778468302057,3.6252681255507326,3.695849618024089,2.636723255706472,1.7558001327521682,2.6733051810572706,2.407650972722116,2.1730900299377662,2.6878615710176343,2.4760553014794224,1.6508288734957102,2.957584410223097,2.757716606610172,1.460843560102845,2.617882179045341,2.02202327166741,2.7889795302281644,1.6217685419357237,2.521834761489421,1.8033186185678935,1.6609090957232309,1.99706112399538,1.9366947396946959,3.4038287352912517,1.9250730967104495,2.7786138774126536,2.396918496400184,2.500923937809846,2.866865057282782,2.425671065912006,2.9181519618170633,2.386451720175855,2.368826906820187,2.4283948651921268,1.6466289161620327,1.465627278439023,2.6398742155070902,3.1795736881151644,1.756626950218024,2.3037710487078504,2.9150747311633243,2.3375061834330073,3.0038009105005194,2.7407088783077818,2.9285248236501094,2.504484521245659,2.0748582996695735,1.798381661009038,2.789568308445359,1.936776250593103,1.3566486971884368,2.255717284433815,2.157573421913562,2.6047355177370366,2.8395625340294135,3.213854515352967,2.2049960953729104,1.7648437981020155,2.6036255821889394,1.7325406522637388,2.4505674210687713,2.925963539496747,2.2568271085144485,1.7201547936664787,2.2457163527812396,1.906430353384937,2.037289977722975,2.327827486861503,1.6041439559726043,2.428649199885757
4,7,8,11,12,20,24,29,39,47,50,55,57,58,69,76,78,82,88,91,95,114,119,121,125,131,134,139,141,149,151,164,166,191,194,212,222,226,230,236,242,249,254,255,260,266,275,279,286,297,302,304,306,308,313,315,316,318,319,327,333,344,347,351,355,356,358,362,377,379,384,386,403,404,413,415,426,428,433,436,442,449,451,458,461,467
2.5777814575564846,2.5348016336110373,2.6990890774316796,2.5742668258402723,2.18030632391463,3.0281075943908027,2.2515127771421906,2.679467628532676,1.830351523570143,1.298308796313702,3.5137142173126854,2.3819091091323674,2.3974776969312397,2.0313199838383493,-0.19412632482583225,2.242229364573788,3.653808360139215,2.24924153405785,2.359479836729428,3.5260738671873337,1.2207021431156992,2.7154661800001687,3.5753208605172713,1.9896217287272562,6.655714790646826,2.2139540428155224,1.7162766709856112,2.535406128142614,2.678676853508307,-0.9589049809910651,2.651938917117324,3.5121224299354052,2.2565204622266526,9.279841007875762,1.3212860466919119,2.629431222532783,10.707528012743673,2.725762187700918,2.716143480478494,1.9842118548410195,3.324808204190412,3.4092702994211344,2.8677015349211397,2.6281598650633797,2.443355187995566,4.000053286235989,17.295527306008935,2.277026013697223,3.486779507331132,2.629721684868204,2.5159058977706223,1.4326410414303776,2.4561954525615537,3.8300071940973903,1.9941050645721354,2.728710170754271,2.311301088059545,2.2728785375244858,2.199122267506559,2.4304536317116896,3.2646412037693073,2.2184583586343676,1.0000285005529226,1.9830286389571583,3.1745807310724254,4.383592469146349,2.2478298628914026,9.846730860233933,1.1790390203618717,2.5861509686615562,2.5000029541588695,1.0000564457648418,2.1025795248854124,2.5176411071977522,3.321943083840437,2.310514040712279,3.008122985977199,1.0000237119768758,1.9925062195652532,2.6144087039211565,1.4182131380632477,2.5750272172244584,2.257153507993526,2.2800530415677,2.5880379905990223,-7.201802630703316
2.9728290569941054,2.517957809276587,2.5482036203739025,2.9176056484810777,2.2804139156579355,2.005849223494562,2.057079848446338,2.77235144727448,2.3091450597415775,3.136578363543813,3.004973297592918,2.367720085860687,2.2742242173085336,2.0162724404037236,2.9392263930169387,2.302988371689886,2.8509847612563,2.4458224803810182,2.6026234967989756,3.009470849763148,2.368016425373252,2.468580438172012,2.7021690240841467,2.3914944877827207,3.2997498187710015,2.388767090167543,1.565918228137638,0.015967109109220445,2.6597340543171626,1.823670415617817,2.7843282585066937,2.8542755594841855,3.014430851341372,2.1807819075723476,1.8578708522420104,2.2467328722612088,3.151366153537091,2.355088265835152,3.000517240700532,2.427885218846972,2.9333478262693853,2.810059137206117,1.5061539557372343,2.6733799254012967,2.4370380109233203,3.301936950021739,2.633420401160846,2.2967543044371603,3.075070106716126,2.6405418856971936,2.9927061457500654,2.6561583400438487,3.2050428180376374,2.840816690008279,3.027149151321203,2.742576205161681,2.3842174982786526,2.468843818374838,2.502273527800204,1.5000082984710277,2.7612534563612385,3.085488073357832,1.6466315287076378,2.6773884917733453,2.4989391104511585,2.35476258829779,2.090154799737742,4.030946950748996,3.160063385529873,2.7367753279852485,1.4304047274769114,2.7949459280459505,2.5530934203744744,2.3161058968596553,2.8849477296204498,2.462951077189902,2.50731023279232,1.5961577463012504,2.8095442480612225,2.7460640687120788,3.1475687451684182,2.651037363021528,2.3831792832348393,2.6192188625386286,2.6403418813588715,11.714397725588112
4,7,8,12,20,24,26,29,39,50,55,57,58,61,69,76,78,82,83,88,114,131,132,133,137,141,148,149,151,164,166,191,197,212,236,254,260,265,274,296,297,302,304,306,308,313,314,315,316,318,319,331,332,341,344,347,355,358,379,386,403,404,405,415,426,428,433,436,438,449,451,458,461,462,467,468
3.7481291445432636,2.348771827582154,2.5660385474693,2.762551730661019,2.1429432284490817,2.331013110735334,1.7058486818953533,2.6239999299416663,2.1502191270272255,2.2970185089623056,3.052565620776809,-0.8224137999085076,2.3496029131335128,3.6195957341468334,3.376459144222686,2.2968465567919205,2.0262894861834204,2.0815139073347693,2.647845463894086,2.36135359480969,2.055107724316234,2.5496620890949018,2.4263464902807597,1.455134872638875,2.3238919506947973,2.9404712167394056,2.9347093459561866,3.010430313038963,1.9832314813569958,2.368048775193098,2.6302520177787803,1.3570964451362777,2.0709313307801915,2.4051666302656125,4.879795704682213,1.6514330321265098,2.5690757945918885,9.10474319651518,1.611249102509921,3.2872704616559685,2.35728500922734,2.0740899835532867,3.031297647004185,6.450593185371997,2.1650632789224757,3.112864220326648,2.8930821399781985,2.031625359599917,2.3593030701164652,2.5037772796872497,3.6659717229658857,2.410435417118327,2.7586360075060843,2.7470802059228063,3.4080379561667993,2.2925247735576093,2.3932073082254437,2.2728522025059714,2.164517481030451,1.0000249809240076,2.535593552057162,2.4776181868114033,3.5613383508133007,2.300516433209362,3.5702236575657285,2.0949946239331405,2.9509107001414607,2.4320362052935014,3.059172973323886,2.5668860582791817,2.272382339528743,2.249938644049421,2.586528637074128,1.8705294139446602,2.906222251163718,2.381484927416147
2.5820741239976948,2.0030637860184575,2.1212857663252014,2.3351504283473714,2.8096042973662185,1.945117534672367,2.1377291740679856,3.2160563386071734,2.4123653991952496,2.7063095730343174,1.7381216325153273,2.650621663413414,2.4958322950913114,1.8861052004895893,2.4922282069055957,2.6571056739800096,2.217068919685949,2.4286388614654455,1.7354395882458133,2.949898176245715,2.2636221694019563,2.305483477087858,1.9801834278477641,1.4489715992629741,2.845408050240188,1.7464744824352323,2.535498380236555,2.242135096539317,2.072324868828363,1.7303187778875864,2.6062496346271375,1.902937031486643,1.8958366279339716,2.103661403961026,1.5882001767073257,2.412289627353971,2.3802816398351627,2.220802453224838,1.92466748967971,2.672180400364269,2.555056328929737,2.3446335906131814,2.9893727125274014,1.4999976863218367,2.298633068516117,1.8742728496873562,2.8353930998610313,2.701386975664783,2.898067732988647,2.3740642222462394,2.4291615974674343,1.8425110739175765,2.5879013069753203,2.286909791855308,2.457740826755395,2.5919219904324033,1.5832345505076848,2.6019128279367707,2.7257678854057286,1.4958549525944025,2.6407754959312477,2.3271987211036835,2.3867671438057334,2.6769679700285924,2.9804494934798136,2.773669888325651,2.1473014990465504,2.116908813799677,1.6898722561833812,1.9656719721939724,2.1791753985020224,2.1981884416731123,2.868754575169527,2.5698217479444976,2.7257018240071944,3.1457447380317163
7,8,12,20,24,26,29,39,50,57,58,76,82,88,92,114,131,133,137,141,145,148,151,164,166,187,191,197,203,204,209,212,225,236,243,253,254,260,274,275,279,294,297,302,304,308,314,315,316,318,332,340,346,347,351,358,366,374,379,386,389,390,397,403,404,415,426,428,433,436,438,441,449,450,451,458,460,461,462,468
3.0344394328246036,3.064848809356515,2.705029417429648,2.4382160663218593,2.681644280598487,2.618581955983723,2.2213401683215546,3.442776829022865,3.079096639472806,3.517394914852323,3.043081882505242,2.2777037564853604,2.3478394715289594,2.41771369500933,3.505345418079207,2.5924840430866682,2.339314101901664,1.0205710953529494,2.2833698411685344,2.282376902530958,2.5282637294292023,1.1445757040420261,2.611974443806568,2.9290681513005117,2.502824663119455,3.546609997652861,2.447067651716501,1.6872310763581078,2.0000235068324352,1.5948538341361582,-0.147402084502067,2.274438360214847,1.5063191205500044,2.5382450539870165,0.6622354984428316,2.099432957359747,2.3959266852746053,2.549310581772742,1.7877116688711279,4.778756052039613,1.3201922111362987,3.044458176167235,2.8387397277194437,2.2823975890982187,2.8641393134977586,2.8051159775839634,1.6505780739656712,2.145722655755967,2.236686755031071,2.5016704164533508,2.4900319686032697,5.271235728790977,1.9999828398211172,1.6583279524361014,2.023135411349575,1.6335688172129081,5.759771770280246,3.9999931938041327,2.7771535035655033,2.4972068141767956,0.9678724038130528,2.9970996758102126,1.5371936563405317,2.605418141975025,2.796103873974661,2.238400188864287,2.802140968293789,2.631828652002817,2.5724153572643482,3.5052781390051777,2.4547049456815246,2.4289029756161806,2.512179005279937,1.449973144537918,2.7293042352713006,2.6757331356325347,1.4999908180834758,2.2955552267001487,2.649701772615991,1.583709726784311
2.682726193438877,3.173285723282661,2.276385918060157,2.4790831956660733,1.9701066970184384,1.4081795282122478,2.4488760544061527,2.6380582477677343,3.032178071463025,2.1670682914814856,2.4310305652549298,3.0175618958815598,2.355491091251765,2.2646433711560183,2.510428890588143,2.7499989766905593,1.8263558235056814,2.499982799503213,2.7221852986906137,2.415446224207283,1.680662825271773,1.9360086089976967,2.2540231886912885,2.4357381797698276,3.006730899974164,1.6932299274155256,2.246648267673284,2.334270737503783,2.301927417009531,1.7087586163657233,2.554102452045396,2.534205808447793,2.26263434428801,2.75131070758917,1.9999963106420866,2.2063534340052957,2.7785220402629247,2.316165864324927,2.3479027313897456,1.54954407702856,2.7421759034536284,2.008238417734802,2.5675382078623783,2.548103095537535,1.4999727420791316,2.0290357663251024,2.790820589450056,2.6016770901381387,2.9833550261969854,2.84119550927419,1.73534198843369,2.103229459805851,3.205128773276555,2.6356688759982947,3.3938078713166555,2.722920415164684,2.166340177560944,1.5020459973883697,2.486620420864475,2.101154854305578,2.6670906577107676,1.9431115714647142,2.342390870779237,2.5298658208171787,2.7851964135995946,2.781904736820043,2.8560975998391513,2.5846068119873418,1.9994536615083423,2.3559883191194926,2.6929378259159757,3.5516974463045434,2.88461508296443,2.832591507484009,2.440152762073847,2.788952046363352,2.5716053730667143,2.6726532561651175,2.2075060538991593,2.5738129996744736
7,12,20,24,26,29,39,52,57,58,76,82,83,88,114,131,133,137,141,144,148,151,163,165,166,175,185,191,197,199,204,212,214,218,225,236,237,254,260,274,295,297,299,302,308,314,315,316,318,319,330,347,351,358,379,384,386,390,392,394,403,404,405,415,418,426,436,438,449,451,458,459,461,468
3.677246660271064,3.292161942529547,2.832528522743291,2.6078681842228084,1.7764093152794667,2.723553285623714,3.862684763441527,1.6890988639162607,1.1695419063873527,3.8739943867020825,2.3393258993283745,3.1041272859011904,2.559361381626413,2.6839195360778567,2.6811051359368836,2.341107551450639,0.962894638204667,3.882487252399929,2.0336156861146684,2.59852632690851,3.3503511572361795,3.6658347495615633,2.7875245266761586,1.8730953288032237,2.5904904633798145,2.0544684005822154,3.023998632516368,2.877770949268715,3.7090349798017934,2.2434304026975336,3.2855183191440958,2.0626800023560885,4.000035020897923,2.0851235453211614,3.562966040813614,2.5424089163096224,2.2220215344444885,2.736768789256565,2.9979303278146987,3.820634098239411,2.4006419884772976,3.374263547618366,2.702424166698805,2.289522064209109,2.8498196767598403,1.2643165355240682,3.0375673006051644,2.380759358224865,3.122637115241984,2.528235049721496,2.9613915697436966,1.9660852302117973,3.1734445310100483,3.3046727872195794,2.659637437921638,2.2954758690571526,2.3587875568883048,4.000011922982848,2.61189193446619,2.287452571953673,2.9196051069068236,3.034128911611778,1.895462803512265,2.518465635224018,2.7198757040729475,2.3901078556199833,2.7586360075060843,2.298326445983268,2.99922553346141,2.7373908070319697,2.7338507459802877,2.025415892777736,2.5167848682025165,2.3275472068186858
2.1031548164366254,3.0795953414984973,3.550025872478579,1.9997968813484612,2.1149781190041614,2.2343267022142905,3.000740968855432,1.9271699821488277,2.107453363099397,3.1966395097202316,2.3917512364999647,2.9830148026651884,2.2485307017890244,2.370057157157974,2.040305533453794,1.8559171450942569,1.4779301736247132,3.0788297233898927,2.3276353305027344,3.0019822571525374,1.732635640806925,3.4945355130755997,2.6705642859637786,1.951573151203338,1.9198365416465168,1.6740156466611418,1.6682973420216434,3.393924506543325,2.379345611213821,2.2560896597632096,8.649090915647726,1.6247894848745839,2.5001477083789982,3.686704755894638,2.179518504026933,2.6772306042653353,1.9440652002252226,2.7334884322907724,3.087132668904684,3.118212727766461,2.717065939333827,2.6926824545816097,2.416348659119265,2.042990200981241,2.1831863486965437,2.3077489337917454,2.7862962333702974,2.363822741001748,2.1333146329578523,2.9113053476293067,3.4999893588736404,2.6943415009872513,1.571103312292009,2.3196980238688965,2.6886421909449876,2.472345766086734,2.0618226876575356,2.353369903201102,2.3016934293475506,1.8674873872986124,3.2416976321774325,2.2003626716912956,1.5924994017002039,2.1716055957438685,1.8013722034865522,2.4480755323246597,2.5879013069753203,2.6752076220377887,2.2171895626215683,2.205083909306493,2.361532979272704,1.9993308157120433,2.1744503003106734,2.365400230368457
6,7,24,26,29,46,52,57,68,76,88,131,141,144,163,166,175,199,218,220,236,237,260,295,297,299,302,308,316,318,345,347,379,384,386,392,394,403,404,405,415,418,426,435,438,458,459,461
1.5961640866658673,2.426200133508423,3.0639574396932487,3.113468545237895,2.917254723635435,1.4797216863911,2.58033340031032,4.30193394644173,2.0123153963308864,2.47557794584164,2.6634517883925115,2.903053822264522,2.5872901924852676,2.2996984286557747,2.631911915204592,2.8494236607625925,2.5823504179130436,2.6903886274512514,2.5111458542709357,1.9999624986164302,2.2492866003090333,3.482905999843008,3.296356489513729,2.72176152953723,4.114844543520193,2.7505836713208787,3.046922997694007,2.862539679141088,2.637905633046163,3.6374082104490193,2.7863148511308857,2.609742446786857,2.8183083142667167,2.561276889845397,3.4915250849754385,2.261364549566103,2.7325470506541953,3.4908962940700796,2.592787726648753,2.8577356906037803,2.606834364355083,2.726696127588509,3.263991654865322,3.8618677615741612,2.7116318942918394,3.2374851925138084,3.324769445711895,2.900458644076028
2.000020166519383,3.250891024206281,2.019400184365041,1.382084589888938,1.2950176091894572,3.5000152746217896,1.1744705017118113,1.0000343232411626,1.7077540010015861,1.2393127678436846,2.0000093788338598,1.1086849433159836,1.8186663351928012,1.5319350541170342,1.6324633184468336,1.8347948716894387,1.3126260595231893,1.1594608103901725,1.7895248189527047,1.6968092394948715,1.0000287528861724,2.90741702942063,1.4930933588181279,1.4739519519352005,1.158310484046833,1.6309100040418834,1.3416671272090048,1.6845849304161915,1.3898751420844722,1.2848279494109742,1.4657269156260635,1.6715951512015668,1.6552421719322552,1.3043979090709672,1.3646092188740222,1.4836580187101411,1.4547036607233492,1.445974775533522,2.5238463548204795,1.7613983691270914,1.4165429472137139,1.1844932796706396,1.8251644669554519,2.870520294122162,1.674089329393846,1.1441593672203576,2.9452686257044984,1.4974242627575158
6,7,24,26,29,46,52,68,76,83,120,131,141,144,146,151,156,163,165,166,175,185,199,218,237,260,271,295,299,302,303,308,316,318,345,347,379,384,386,392,394,403,405,415,418,426,435,438,458,459,461
2.610549365567596,3.4829209536076107,3.3065430564721345,2.1124782979156973,2.4704831080157557,2.5504906693063143,2.428740805111765,2.681498818043273,2.1404398206995334,3.0435344400054163,2.0895699994866233,2.7946107474570736,2.554103503096168,3.2411099706073414,1.7294867244277272,2.335532784811047,1.999365043526391,2.9275305222323023,2.2548745496601947,2.6431626540924755,2.5377767963367646,2.639336622036484,2.5801856719248404,2.8099876605398277,2.700189205101661,3.2142203290503177,6.339246228057677,2.6889070891636164,2.2969947502912684,2.1949963217765793,1.5000428520807396,2.5494089689687387,2.54834351422949,2.9540416724607597,2.9639168907425297,4.480997811362071,3.533636804192024,2.2200546437580226,4.356191717628904,2.559143434306479,2.435766933362151,2.784321086530282,2.466493933004386,2.6498043049142836,2.705529213239519,2.4315396313182625,2.0844256008784416,2.1510590928892497,3.469756982332969,2.7563961680739357,2.4409158469307712
1.6080066205721106,3.907478353696141,1.6670400516366275,1.523076336073868,1.6049383750838357,1.2508644504331698,1.3716058467088832,1.7514353061319796,1.6493864126187425,0.6079963645639499,1.6935677856453086,1.552737299948932,1.3011183491371463,1.7695490693269322,1.9999872942742174,1.1283150095166103,1.7580822314812672,1.4609142308590677,1.3159893282827135,1.5606565614396666,1.40619378276383,1.718795205419982,1.3993718377535553,1.336466456152995,1.0000047204145912,1.6944473275811385,4.382703308901647,1.3931349311107284,1.3841793288105482,1.4079629994803222,8.685885137256438,1.7377806717201312,1.604763111084616,-0.19761993404580758,1.6510454305043016,1.1872218866367934,1.4456464561649924,1.5438938160156122,1.2843642078232567,1.4484254098472928,1.7093088848180957,1.0934124035453918,1.410579306588382,1.4628685821610077,1.4533233120863533,1.7083327438495086,1.367264854385528,1.4229222460778888,1.540306308853573,1.7196814608900697,1.4813653646456117
6,7,24,26,29,46,52,68,76,80,83,120,131,141,144,146,151,156,163,165,166,175,181,185,190,199,237,260,271,295,299,302,303,308,316,345,384,392,394,403,405,406,415,417,418,426,435,438,458,459,461
3.052270879428892,3.0492284839834936,3.782867806379822,2.994826789841171,3.0403007700463345,2.663774034996133,2.369103282909355,2.628009485102451,3.904586772013894,1.8822414544935802,2.4457835645863115,2.5025504942332795,2.611086566758709,4.054375579094986,2.800217186174854,1.896898983002556,4.499981981138873,3.415209660477737,3.202919416315022,2.5092278872357583,3.3645249572751394,2.0169945755708056,2.2057518652911448,2.248190305430013,2.229754854281717,2.966945486419192,2.5578417045527493,3.75372840206515,1.4541212949420341,2.7871888310597472,2.437346738365564,2.303751467626512,2.763386071965506,2.622094896488485,2.788284600802515,2.389441821229714,2.456761657191253,2.8252768303493037,3.062891029881837,2.694601786492849,2.5603024150577935,2.253474923001735,3.4834761034046773,2.7537824389060606,2.244049702980293,3.1608111119570967,2.943231070149146,2.5825670157107004,4.4656280206095715,4.1151285721818756,3.4128835218105307
1.4492830144915212,1.6120976089076375,-0.7445277222529898,1.9347239477441778,1.5039915104788264,1.4329629768221386,1.233179405728812,1.561211431384634,1.871572569828245,3.5491147558475946,1.254666930570439,2.590254337094551,1.712587395399888,1.3280914506758668,1.4066408562391381,2.434123807013973,-5.685891644940279,1.238775059827157,1.310199713898778,0.858833735913866,1.5236611580064072,1.7269673060005317,-1.485436535456255,1.4364994436011385,1.396285438880918,1.608066910042517,2.7220125719906667,1.5526017475160572,8.06881517454434,1.3826791407834742,1.2745209795978856,1.68427089879436,1.3304569508143942,1.5906821130733921,1.5856281944441655,1.7527657009138007,1.3917874813382927,1.7875582694536818,1.8009051152509976,4.569320232438647,1.5842773400013113,1.5715692720884913,1.6181237879192651,1.3406976964630888,1.4366298909290125,1.7566667502375402,1.751404588376111,1.4658521819195511,1.1449542924323663,1.3219714893147572,1.4597335042075579
6,24,26,29,46,52,68,76,80,83,120,131,141,144,146,156,163,165,166,175,181,185,199,260,267,271,291,295,299,302,303,308,316,345,354,384,392,394,405,406,415,418,426,435,438,458,461
2.9857798784794007,3.3041961320042685,2.6072267060042735,3.249805227080818,2.6309026422848643,3.5808218808438497,2.9861247145885947,3.3637214111970657,2.726325042271835,3.0653187002134956,2.684494165091986,2.4307590002702635,3.1874285323350904,2.634653642715337,3.0893007718070864,2.3231189912503347,3.3707970370993143,3.3781008397553487,3.2084557457337644,2.5123037934691954,2.330743463237919,3.2754587317926953,3.8812453272376444,4.217688005964337,3.499970260639092,2.2370106909167973,3.8015904603498996,3.364036441701651,3.0186288702768644,3.5759891969615607,3.1488896208603814,2.703623370271546,2.813215242099637,3.1884232513767277,11.387698453898125,2.61157788330291,3.619024278692659,3.2694727060955096,2.4054098377277224,2.355331741285622,3.183508738127999,2.882524653979563,3.6536842523352786,3.084257434621035,3.9346284068245367,3.802859585786212,3.4441053250182434
1.477151019051651,2.5049811560359174,1.2917659964156059,1.9561820208130554,1.702253052708449,1.3367830308152022,1.3889423838133008,1.259810896627858,0.9999889244722073,1.418435408866875,1.1420480306231968,1.3586134107508199,1.0000347511164687,1.4494265350160198,1.6543829531579908,1.8671771546305824,0.22006139593838428,2.118882636925105,1.2954601506255274,1.260307464709701,1.1345970222466797,1.273830487922624,1.8385429022566804,2.6823227581783726,3.450648820285096,1.0850601211944604,1.766418957472263,1.3178575083333341,1.042105212756145,1.7475380944886174,1.1599977769351733,1.4891626436206202,1.4864315159320176,1.9282894848603038,4.297464510478605,1.5570414839353415,2.2730238623744166,1.904983582700476,1.322329058429354,1.5481448721432582,1.3044391890022893,1.2066996929079963,1.6929025777259679,1.5965946874219146,1.461360927309908,1.6024154147160024,1.4117825669132649
6,24,26,29,46,52,68,75,76,80,83,120,128,131,144,146,156,165,166,175,181,185,190,199,201,237,248,271,295,299,302,303,308,316,345,360,384,392,394,405,406,414,415,417,418,426,435,438,459,461
3.215758423475524,3.8365509607987187,2.131705477878839,2.390903329504143,3.10467474100484,2.9255437029901294,3.4464984449396523,2.1111271344249922,3.323576943959112,2.735411564904925,2.846814105963448,3.336863840872687,2.577714539378399,2.125075176948012,3.1478562871192617,2.4122763576113693,2.3374518279232435,3.4185005177660215,3.8963478379482495,3.2741448152378947,2.3523441915743875,2.5871137869896597,3.044725456023771,3.672209412119691,2.619362604309484,3.2126363762191206,2.9003295269053733,2.5468894354421465,3.0855082850554996,3.1077988081089982,3.463909738065202,2.4778155627266876,3.51382516011262,2.3910266069171744,3.1170894212540694,2.0386246655531437,3.6203417970941807,3.49406499879729,3.411091554112401,3.11817942531445,2.7739757327429317,4.499997150835926,3.121758772155093,2.617966504602208,3.583374266254765,3.1306528680993524,3.3178460468364497,3.4315838401430705,1.9061136346858356,3.1697612777691795
1.004895612352586,1.0000429258165315,2.269173710645056,1.775956079215594,1.3765548399475849,1.6268541929635278,1.6336197296401171,2.7701475406669136,1.4194114007466037,0.7830406518779733,1.4173480848892415,1.2370355353052709,0.9999819252239592,1.4860207101399592,2.8724102468777777,0.8307682983303637,1.6239219609061593,1.1366784548754545,1.4791982077925867,1.8723596459719545,1.0306170658953935,2.0936520227061113,0.9999850389152394,1.764831915134032,1.5073794218576357,1.3907751001878657,2.2343181701300407,1.8218794874364415,1.5300051783294522,1.870440048059003,1.4200044874999347,1.5042894285972293,1.6671465279400928,1.4903973143084848,1.1826623712817144,1.9720117757989613,1.5858077375659305,1.8931474901134453,1.7181287632714648,1.2441835184347936,1.6697689087376204,7.718251342159535,1.4214253066841152,1.9699868820707565,1.3543583387636726,2.7106778460195278,1.705956801988609,1.4671728150911174,1.7967158397568213,1.2759585892609757
6,26,29,46,52,68,75,76,80,83,120,126,128,131,141,146,156,163,165,166,175,181,185,190,199,201,215,237,248,258,271,285,295,299,302,303,308,316,345,354,360,384,392,394,398,402,405,406,409,414,415,417,418,426,435,438,459,461
4.700203055497566,2.7007422423388294,3.7043795168546323,3.5237992644597087,3.8928033620484976,3.5389288801602916,3.385927845408547,3.3933067644360486,3.2403182955269836,2.8053196267721177,3.52973676247969,2.692256369461285,3.815612570351365,4.116988059592112,2.3437287695406814,2.7180652073047167,3.082848042507247,3.8018420954708447,2.7172171667531195,3.4422357651425086,3.331386093035759,2.900404134076293,2.6005350575944473,1.7105536117670859,3.2959675507248907,1.9844717874927584,1.6525980223597987,2.137053329939786,2.8080678889287674,1.5000370654436819,2.7217162827758483,3.264993591003363,3.099290825938816,3.0977353110125248,3.3502947569702872,3.540113050522871,3.110327692772433,4.0765713530616505,2.554954458666975,3.6038623477492147,3.4109824530254524,3.2964053174324013,2.6395762988184166,3.6179737493589896,2.2050936771405567,1.55704518904333,3.1140081815149494,2.0769531737760474,2.09700228510384,2.1913052769470847,3.02551050445408,2.756339215197963,3.0911285012863567,4.294272830254485,3.2230775321767497,3.100078026219008,2.784671242761208,3.4934046312082265
0.9999905391463721,1.4298957290971224,1.4794047716791872,1.416529480183328,1.4234608770014594,1.8341314045056711,1.2848705261585107,1.4027215446814698,1.346087103620805,1.5194428804472537,1.5413834021825248,1.898348492884013,1.0333881287199267,1.6212897003880722,2.0387814201230223,1.328860243766753,1.340271645528841,1.561423026939295,1.000015161159554,1.7888311730968778,1.5988916612757427,1.1694859975860195,1.6881462885170144,0.0009284751077612702,1.4348007094372104,1.606609260328653,1.9120922890523,1.6300115315649184,1.0000572151615033,1.4121614107167346,1.4286202320586572,1.8157624896912166,0.2786232208336299,1.5204412804494294,1.5060024019027338,1.259789708836764,1.66315536744982,1.731745572931708,1.4105696830854595,1.0000557131582033,1.6175620885618185,1.2398235266787194,1.5713629177683455,1.6410367447553718,0.9999865628449122,1.0000066770703921,1.3682635467953719,1.8621658227473858,0.38350147666858886,2.94177375106001,1.0961491200877793,1.0819995006004353,1.4122828777239889,1.3268242556463097,1.3644742766937432,1.409309907336771,1.622429440132457,1.689409712792376
26,29,52,68,75,76,80,83,103,126,131,135,140,141,144,146,156,166,175,181,185,190,199,201,215,237,239,248,256,258,262,271,285,295,299,302,303,308,310,316,345,350,360,384,387,392,394,398,402,405,406,408,409,414,415,417,418,420,435,438,459,461
3.440222635391397,3.404128964761267,3.961762607705639,5.993386038196618,2.1588176512494996,3.0842798281853447,3.3609697994459617,2.495501877710476,2.912982954890997,2.355253600734615,3.637076600088325,2.4018325173726813,2.5170009070780672,2.697067544967954,4.49999426717352,3.4104948830991657,2.7800451137846576,3.206531901824187,3.0356462921818386,3.481105712511315,2.5670323852765096,3.5702814213721368,3.098126964408123,3.3946228680217274,3.706740175363577,2.667032114555531,2.3441332165277053,1.576399969435982,1.4081532197947775,4.732085274075902,4.069240357796224,3.332004886730817,4.039179364112765,3.4479763626485482,3.2522145124891377,2.6825501524135333,3.846894009626182,3.978963410323463,0.9932225493571667,3.3380128305660435,3.935833178157177,2.9432653003029876,2.770891734134268,2.9300964571354986,0.8489188546988247,3.3766630848684174,2.34662580360835,1.5370304480700576,4.054610083950555,3.0617691813187653,2.5024330397191537,1.4999865561594408,2.8826177516202116,1.9997208461501974,3.1999910701670995,2.705950912372429,3.218216230301757,2.5046797836376644,3.033150765873291,2.45782244674772,2.6631551407053164,2.677390963829997
1.1942765911880446,1.3850243269409785,2.7837312518919908,2.2464067845033164,1.6873762565819794,1.633736710959635,1.3993930857278944,1.601125284171932,1.0000332061387267,1.6586386379003257,1.2106618830715374,0.7775017002721943,1.9563681184517545,1.777477357827343,3.9353614871729468,1.8655896283610907,1.5084037103894563,1.5689315053995934,1.7074528200566994,0.7957121837113565,1.6943539440920297,1.0000414085779887,4.162303875492201,1.6843454789080923,0.9999537674535397,1.6308133919036147,-0.3483809566913775,1.72316050416345,0.4101389872867385,1.9999671922059254,0.9999812215931058,1.5959824307170927,0.9310031980732174,1.487567021430217,1.524651668826086,1.6520169960257143,1.2924068883371824,1.652326145530832,0.2940179579366441,1.4264537773351313,1.8413783305437974,1.0000465024355334,1.6017026895490427,1.5464531882217827,2.4276170379638975,1.661471739407292,1.6632976576777998,0.999978670992713,0.028717863083245164,1.640103128841698,1.7455929641017844,-1.3773027137364056,0.9999722816108745,1.0000092812592176,1.3779615667202871,1.1498058327173757,1.4785339682868326,1.287170835513937,1.3903523080250655,1.586063019830994,1.3376418800722405,1.4426900343092917
26,29,75,76,80,83,103,126,131,135,140,141,146,156,165,166,169,175,181,185,190,198,199,201,237,239,248,250,256,263,271,285,295,299,302,303,308,310,316,345,350,360,384,387,392,394,398,402,405,406,408,409,415,417,418,420,426,435,438,454,459,461
3.3993898597812624,3.252015135833681,2.9283037535243137,3.0097631653485735,2.38050214247622,2.5433048438973165,4.235639756791784,3.836693123102413,3.170680661730273,2.7142555014752254,2.485417666881541,2.49876517920692,3.731297436103225,3.7991651422193544,1.9333577028349678,3.2933706720989355,1.2590055501470014,2.9590546547830754,1.6466315287076378,3.1728380906115996,3.8820994574488124,4.353373131485679,2.192526024129709,3.3632228948611576,3.5109827089501553,2.6527951115117023,3.5481963890347443,2.545242856842683,2.2763264735106468,3.1456171988164807,3.436517833622845,2.8001200673402877,3.9697011918653797,2.7277003600801146,2.7208790903249165,3.90972680682785,3.519256854018069,2.4195893373837807,3.4689872124066845,3.6153691228616562,3.972213494970978,3.460379519138501,3.430468507113657,2.6757546270561825,3.0000402593495687,2.823321627721524,2.532118619355985,4.0063917197688586,3.28325599391969,3.5657740480244935,2.9999884752443426,1.8331181324482315,3.0473251421673195,2.7065081563506883,2.8646769101993503,3.256497958338536,1.4999671270468404,4.502103188521909,3.3691729080048596,3.1486178796268067,3.5175566248040377,3.6643296885905743
1.6338295138083407,1.6857000450601447,1.3613941058466583,1.1848316504545604,1.3270493859450232,1.2180110249365699,-0.050121003117401614,0.2989348376229822,0.4192250079109816,1.1333278426950293,1.3509872201486774,1.3703508640674174,1.562113717149875,1.6996142436553505,1.8350489022664054,0.9811497259324535,1.2365379043791271,1.6769085701565576,1.0000285005529226,1.3290780018756965,2.1500047093120616,1.0000352551728615,1.786984959000482,1.9351352836517843,1.4345799809645814,1.9126544082250168,1.590536126864876,0.9999893719080203,1.2911029422902056,2.322128502003446,1.626225578290824,1.7338427222297015,2.8823562995522294,1.2853184097535333,1.7133312676821495,1.2358537380823271,2.009931666663094,1.3122712773443208,1.4662087573211016,1.5640650910188958,1.0000146331731066,1.4081028794934072,1.482244234372256,3.4047140236181663,0.9440111448591869,1.9458212189367554,0.5783437209165703,0.9999540646502263,1.5807616188717253,1.6763101114105536,0.9999622028682034,1.0000281027449185,1.3362343912587373,1.5806700142381813,1.644454811119624,1.3155278416743335,3.8252153063947376,0.6462843636329962,1.2240447329905373,1.679267225888094,1.2284931337236475,1.9052655773804883
26,29,32,52,65,75,76,80,83,106,113,126,131,135,138,140,141,146,156,166,167,169,175,181,185,190,198,200,237,239,248,256,268,271,295,299,301,302,303,310,316,345,350,360,384,387,392,394,398,405,406,407,408,409,414,415,417,418,420,426,438,454,459,461
3.1989307782280205,3.213751064204499,2.048404750946914,3.999972485078337,3.0166720993435203,2.9663651541477165,3.2382790781349424,2.9942137179649535,3.3648562758964697,0.6474486057577451,4.49999426717352,2.974111001545867,3.241557502329571,2.919054620241344,1.8485858339036523,3.0691770094492887,2.280646695790257,3.082488578829211,3.445751481461316,2.6848592245685436,2.3508298777666043,2.9326184329155507,3.3587818972215695,3.2595902492605155,3.5886114096203157,1.919826340247404,3.230212395598745,3.0012051147014747,3.363814727777511,2.1329942800540485,3.2392099849194773,3.524729028220465,1.562993319875929,4.054240737266879,4.5000267079445475,3.440655797811464,3.239929115322444,3.1674903163285912,1.993632460518214,2.431114183684806,3.028109484255447,3.315141983824747,3.6552618026044437,3.2628084194364093,3.198863017387528,2.4162530407592295,4.347403930504098,4.085200768547587,3.4939522875029674,2.899565376339911,3.6022761289369782,3.551782288453306,2.354757890461067,2.2597888603592544,3.353378217389709,3.091906048827388,2.7763305162266128,3.284731389814462,3.309963624338531,2.704665752436993,3.038725891793975,2.5289140350656405,3.257968268432131,2.9772947007263815
1.6999229999538552,1.301493060936375,1.7491108419495047,1.0980996188486152,1.434981409025657,1.6881817027816952,1.2507618940985055,1.357814907588447,1.6248046965886604,0.8305207671019161,3.9353614871729468,1.0000246856105934,1.267279776346671,1.3435468659395116,8.707538490940301,1.56468893267263,1.5157274418520763,1.5555162377419254,0.9879087969595896,1.4863411817940335,1.440680015191869,1.2510353456545282,1.9046653155281272,0.9999828556328965,1.737381975263546,3.2396841624826553,0.9245160916758812,0.9999568966688173,1.364481426674982,1.5748855091765832,1.8249427725141718,1.3170422969138944,1.3633706504460752,1.8404063428512414,4.9912369233678024,1.6955766983231118,1.3264103599501613,1.7103933441953987,0.9999694261737042,1.3776958500120524,1.271342967479611,0.9219715235286081,0.2195959651716564,1.2180889877887127,1.2588414936619454,1.2153598492100213,0.08791701912863943,1.9236722717874666,1.4180928293877773,1.9117879282869499,1.813127451333477,2.825219752341513,1.6428340350405821,1.5115729684813433,1.0000195637741427,1.3782212512073255,1.325843546675018,0.9223255276205762,0.7978804291727275,1.9345024644459965,0.5577605947065896,1.8646216102630424,1.6150047814219444,1.773334338246337
0,9,26,29,32,52,65,75,76,80,83,103,106,116,124,126,131,135,138,140,141,154,156,161,166,167,169,175,182,185,190,200,237,239,247,248,256,257,268,271,280,295,299,301,302,308,310,316,345,350,360,381,384,387,398,405,406,408,409,415,417,418,419,420,426,427,438,443,454,459,461
1.7310450092847702,2.2777991649788745,3.285589645825728,2.989893182313584,2.5933866232475022,1.7294880267278312,3.351836363603199,3.3894819870335207,3.168720678661224,4.000789015778951,3.7789278345919257,2.9454700237010867,3.6861116236116187,1.4730446264196053,1.7371456703151194,2.4412863144759465,3.089420473647125,2.3808276783932936,2.8358514691048953,3.8208429342503494,2.666637080626547,1.951445346756427,3.607635008144734,2.5746897643504907,2.9197327198891045,2.952274959655877,3.088465149372799,2.881960456434924,1.7428741057636112,2.975629839830807,4.153463352732409,2.4158108810312653,3.1650049364686543,3.0886942098299928,0.6339386484668577,3.6497045907323686,2.8707112159981865,2.4993574914435337,2.6399379785785486,2.91829788690403,2.315834139966159,3.1591379467524114,3.917563846709287,2.6634399659147014,3.206703456553893,1.7835143925514683,4.1505781937958055,3.3061018031448044,3.994292337716314,2.756659317253268,3.978668703841042,2.674323264161994,3.0960180095477114,3.072916991433348,2.8896473530857065,3.3345633288582475,2.8061303605739565,1.9785767641922218,2.525078253311036,3.119128824882531,3.501635340907129,1.9257896698228607,1.5964088325903705,3.9804829019968553,3.147524917508364,2.4631175637373923,3.3427335788842223,1.5471075866743027,2.5532496263842446,3.2396794098103463,2.813144413690793
1.3445388824436435,0.8157134683057514,1.3527748955208638,1.5818909029409265,1.4378120048377827,0.9999603957348668,0.8972156663705776,1.6994521211067126,1.8480735316096386,1.4938803060003427,1.6765496095433219,1.4062371000426204,3.1369985717066426,0.4573319857983289,1.4421887574227528,1.0000127850255465,1.2394551787980261,1.647929021831714,1.6474614695152492,1.4956850131688115,1.510045989631858,1.9298738542129066,0.9999944560633707,1.435392728603869,1.720555499698088,1.4084497933475641,2.009137648631917,1.9552616681787063,1.2952185332578365,1.8626511955432543,2.3966946757166614,0.8918360825959575,1.9164139102009061,1.915582987885141,0.23438592932916613,1.586791974374525,1.6391910079608443,1.256997169204534,1.343894647018638,1.7645196984444749,1.000048904391949,-1.8300533716541785,1.8112770047998525,0.9999660737987757,1.3553002142946604,1.647355620619726,1.6362914628624852,1.6279853017069843,1.636615729367073,1.3575529068464722,1.5461145472497633,1.8145254019917778,1.5591781396815743,1.5193759742531237,1.2204059656852322,1.8298559728553576,1.66522683265288,1.6824058705255558,0.6976101586099147,1.1735551020218107,1.4711724229707577,2.168806199461245,1.1202905976152904,1.3835053678557943,1.9199873964017746,-1.3823747389845071,0.7326397660582193,1.0000240440896935,0.9999820382830853,1.7010302043343741,1.1382295521750885
0,3,9,13,14,16,26,27,29,30,31,32,33,35,70,74,75,76,80,81,83,85,90,94,98,100,103,106,109,116,124,126,131,135,138,140,141,154,157,166,167,169,171,175,176,178,182,183,184,185,188,200,206,213,228,237,239,240,247,248,251,256,257,268,270,271,272,273,280,281,283,284,299,302,307,308,310,312,316,317,336,338,345,350,359,360,367,381,384,385,387,398,405,406,408,409,412,415,417,418,419,420,426,427,429,443,444,446,452,454,459,461,463,465
2.7523006550453912,2.099487356048993,1.7783633077932774,2.595997420893905,-1.4635475327865732,1.8322170601795102,3.3072542416319237,2.361130342421493,3.4091553406116226,2.3981394188377054,2.2729718844923736,2.937411121853696,2.834071231875533,1.4999771135736921,3.4731672971558876,1.346407779017053,2.892535838658941,3.2330875824927636,3.574995858831074,1.5000094789428038,3.07610569084341,1.6152362136429024,2.6123667578956065,2.749808707906359,1.587811626454889,2.6604534869685157,2.639524248301063,2.431666946448141,1.3028805842271143,3.0689801996021755,2.9777849591384387,2.6932571083041026,3.0446579761022576,2.668437534778014,1.5416934748548017,3.2010753866873207,3.613789919326003,2.895897802207679,1.457449092224903,3.4688696170516353,3.8801860055410375,3.6569909263549985,1.556967884513205,3.5727777679948867,3.348577028406863,1.6138317321456592,2.7230331239467223,1.9614090232298889,2.4733948631484814,3.4492714238081446,1.377225855980453,2.592418763571037,2.3253037904383658,2.4937278225362585,2.0006618492896613,3.193387425309777,3.533916018796437,1.5802750733051354,2.9779596444315155,3.2368548150888934,1.8964188046253152,2.7134118162734575,2.810079081523014,4.22614509475373,1.8925494843358925,2.671610456501752,4.282144233121318,4.30193394644173,3.274960533583098,1.2783554907325938,2.545242856842683,1.1488277070313258,2.8330157236197966,3.1588752520566965,3.1926577952155206,4.61450365171472,3.7304309686284576,2.3528870423817323,2.834582426592247,1.3660513758450779,2.8571801976957083,0.8173389505718093,2.894950036524687,2.8330452305900744,1.3848397072486884,2.865232687788695,3.275568008995176,1.7166055245862863,3.572978708497907,1.623474574049224,3.7117131069455773,3.5550004880396426,4.129119009033914,4.535471190568156,2.7337106347093436,3.3357117154870113,-0.4453149680373498,3.0466060873649825,3.288074794719906,3.6839563122050962,2.7954526374690536,4.587964589719009,3.4222362303185374,2.52884957224586,1.4999782393182994,2.905631156671167,1.499979867800764,1.638730231849216,1.5003428086906103,3.4361663491114003,3.4510193852224376,3.0852395506043284,1.5217283058365618,2.3019416051260224
1.5601004926306765,1.0753112329805643,1.377123738044719,1.794509755372025,2.3865690030608224,1.0000256274548274,1.2641903138228696,1.6666951676963269,1.9650709072027202,0.9999775044832944,2.25631078117434,1.6313145484759377,0.6449925204694094,1.6449541472885727,0.9999244456078609,1.823604994830468,1.3516131706917323,1.7624840281124392,1.682499657421783,1.8565217185149414,1.3808881707255685,1.259992372560078,1.6298131790100032,1.441514226325029,1.2451597647668664,1.0000583328201125,1.2363651578559611,1.1873593760519459,1.2155588562723731,1.6364757399001548,1.1411630737638796,1.31123953768523,1.4092775316085653,1.1443886168448114,1.477082300311058,1.740058397181072,1.4488322657459738,1.4453376127067719,1.2477793425348631,1.6574068972525327,1.395906915709215,1.4057618434987993,1.7205471706292228,2.570267609992092,1.4185525537523014,1.5439067964633155,0.6431763706823448,1.0000274509237255,0.20807092361473944,1.7670613133069422,1.2161577274943058,1.63221460506929,1.5768169818876605,1.7447236208923276,0.24544686059984627,1.6902285839682913,1.2355862515942544,1.303510245448619,1.576395517797737,1.3807056093479075,1.2427319469914968,1.4435723834524454,1.0000042790819295,1.280379539319267,-0.709690714926219,1.7159571474234492,-2.1878955826033475,1.0000343232411626,1.5104962547406728,1.2702534203898204,0.9999893719080203,1.5723815593418764,3.0076011735789008,1.617185972578207,1.0000270682278178,2.1219654921544127,1.6061709912150022,1.4339210428364855,1.5638613349341637,1.6387911009558631,1.0233418056618035,1.616400827622757,1.7572533720169878,1.2579686293187977,1.4547281098033853,1.417488672050221,1.5738612849424614,1.6699013244963905,1.7613185935131583,1.722362419637654,2.019418820566313,1.2617928356902643,1.6005571168376904,1.806429099966559,1.776888663663694,1.3720134944210398,4.3862844381944734,1.5251986641291984,1.333493365732868,1.4457715643993274,1.4862762601926527,1.0000131858417975,1.7941426598989287,1.4991793012772885,1.4304348662634347,1.4387167037417319,1.4657550771087244,1.3013035056518412,0.7227862464336039,1.6548855305705727,1.5907688737975252,1.4746734444265173,0.9999929380037171,1.000025679122656
